Country Code,Indicator Name,2017,2018,2019,2020
PHL,Access to clean fuels and technologies for cooking (% of population),47.0,49.0,52.0,54.0
PHL,"Access to clean fuels and technologies for cooking, rural (% of rural population)",27.0,29.0,31.0,34.0
PHL,"Access to clean fuels and technologies for cooking, urban (% of urban population)",69.0,71.0,73.0,75.0
PHL,Access to electricity (% of population),93.0,94.0,95.0,96.0
PHL,"Access to electricity, rural (% of rural population)",90.0,91.0,93.0,94.0
PHL,"Access to electricity, urban (% of urban population)",96.0,97.0,97.0,98.0
PHL,Adjusted net national income (annual % growth),6.0,4.0,3.0,-11.0
PHL,Adjusted net national income (constant 2015 US$),352974072444.0,369472755421.0,384111665923.0,341305179409.0
PHL,Adjusted net national income (current US$),333702122642.0,350371847985.0,375755437994.0,350838234571.0
PHL,Adjusted net national income per capita (annual % growth),4.0,2.0,2.0,-12.0
PHL,Adjusted net national income per capita (constant 2015 US$),3306.0,3403.0,3479.0,3042.0
PHL,Adjusted net national income per capita (current US$),3126.0,3227.0,3404.0,3127.0
PHL,"Adjusted net savings, excluding particulate emission damage (% of GNI)",23.0,22.0,19.0,13.0
PHL,"Adjusted net savings, excluding particulate emission damage (current US$)",87272279905.0,85444993448.0,82561921761.0,53007400158.0
PHL,"Adjusted net savings, including particulate emission damage (% of GNI)",23.0,21.0,19.0,12.0
PHL,"Adjusted net savings, including particulate emission damage (current US$)",85004679773.0,83130695413.0,80090547681.0,50343066053.0
PHL,Adjusted savings: carbon dioxide damage (% of GNI),1.0,1.0,1.0,1.0
PHL,Adjusted savings: carbon dioxide damage (current US$),4995181891.0,5428999070.0,5930070584.0,5605747378.0
PHL,Adjusted savings: consumption of fixed capital (% of GNI),8.0,8.0,8.0,9.0
PHL,Adjusted savings: consumption of fixed capital (current US$),29661982964.0,31773921501.0,37165815061.0,36804763672.0
PHL,Adjusted savings: education expenditure (% of GNI),1.0,1.0,1.0,1.0
PHL,Adjusted savings: education expenditure (current US$),6710826697.0,7062235718.0,7627759596.0,7160649954.0
PHL,Adjusted savings: energy depletion (% of GNI),0.0,0.0,0.0,0.0
PHL,Adjusted savings: energy depletion (current US$),476042291.0,705026531.0,632609819.0,427592514.0
PHL,Adjusted savings: gross savings (% of GNI),31.0,30.0,28.0,23.0
PHL,Adjusted savings: mineral depletion (% of GNI),0.0,0.0,0.0,0.0
PHL,Adjusted savings: mineral depletion (current US$),878694330.0,966362586.0,998289091.0,1095167612.0
PHL,Adjusted savings: natural resources depletion (% of GNI),0.0,0.0,0.0,0.0
PHL,Adjusted savings: net forest depletion (% of GNI),0.0,0.0,0.0,0.0
PHL,Adjusted savings: net forest depletion (current US$),0.0,0.0,0.0,0.0
PHL,Adjusted savings: net national savings (% of GNI),23.0,22.0,19.0,13.0
PHL,Adjusted savings: net national savings (current US$),86911371722.0,85483145919.0,82495131660.0,52975257710.0
PHL,Adjusted savings: particulate emission damage (% of GNI),0.0,0.0,0.0,0.0
PHL,Adjusted savings: particulate emission damage (current US$),2267600131.0,2314298034.0,2471374080.0,2664334104.0
PHL,"Adolescent fertility rate (births per 1,000 women ages 15-19)",50.0,50.0,49.0,49.0
PHL,Adolescents out of school (% of lower secondary school age),12.0,12.0,13.0,12.0
PHL,"Adolescents out of school, female (% of female lower secondary school age)",9.0,9.0,9.0,9.0
PHL,"Adolescents out of school, male (% of male lower secondary school age)",15.0,15.0,16.0,15.0
PHL,Adults (ages 15+) and children (ages 0-14) newly infected with HIV,13000.0,15000.0,16000.0,18000.0
PHL,Adults (ages 15-49) newly infected with HIV,13000.0,14000.0,16000.0,18000.0
PHL,Age dependency ratio (% of working-age population),58.0,57.0,57.0,56.0
PHL,"Age dependency ratio, old (% of working-age population)",7.0,7.0,7.0,8.0
PHL,"Age dependency ratio, young (% of working-age population)",50.0,49.0,49.0,48.0
PHL,Agricultural land (% of land area),42.0,42.0,42.0,42.0
PHL,Agricultural land (sq. km),125900.0,126130.0,126360.0,126590.0
PHL,Agricultural methane emissions (thousand metric tons of CO2 equivalent),50681.0,50626.0,49373.0,49957.0
PHL,Agricultural nitrous oxide emissions (thousand metric tons of CO2 equivalent),11473.0,10782.0,11199.0,11478.0
PHL,Agricultural raw materials exports (% of merchandise exports),0.0,0.0,1.0,1.0
PHL,Agricultural raw materials imports (% of merchandise imports),0.0,0.0,0.0,0.0
PHL,"Agriculture, forestry, and fishing, value added (% of GDP)",10.0,9.0,8.0,10.0
PHL,"Agriculture, forestry, and fishing, value added (annual % growth)",4.0,1.0,1.0,0.0
PHL,"Agriculture, forestry, and fishing, value added (constant 2015 US$)",34791903563.0,35180756514.0,35604667104.0,35535516124.0
PHL,"Agriculture, forestry, and fishing, value added (constant LCU)",1743134294000.0,1762616496600.0,1783855147300.0,1780390564100.0
PHL,"Agriculture, forestry, and fishing, value added (current LCU)",1685956185500.0,1762616496600.0,1721538720300.0,1828423603200.0
PHL,"Agriculture, forestry, and fishing, value added (current US$)",33449042759.0,33470729841.0,33237044033.0,36845479325.0
PHL,"Agriculture, forestry, and fishing, value added per worker (constant 2015 US$)",3265.0,3385.0,3533.0,3469.0
PHL,"Air transport, freight (million ton-km)",753.0,835.0,926.0,360.0
PHL,"Air transport, passengers carried",39341995.0,43080118.0,47776892.0,10613531.0
PHL,"Air transport, registered carrier departures worldwide",273159.0,292450.0,320569.0,88024.0
PHL,"Annual freshwater withdrawals, agriculture (% of total freshwater withdrawal)",74.0,73.0,78.0,78.0
PHL,"Annual freshwater withdrawals, domestic (% of total freshwater withdrawal)",8.0,8.0,9.0,9.0
PHL,"Annual freshwater withdrawals, industry (% of total freshwater withdrawal)",17.0,17.0,11.0,11.0
PHL,"Annual freshwater withdrawals, total (% of internal resources)",19.0,19.0,17.0,17.0
PHL,"Annual freshwater withdrawals, total (billion cubic meters)",91.0,92.0,85.0,85.0
PHL,Antiretroviral therapy coverage (% of people living with HIV),32.0,37.0,41.0,39.0
PHL,Antiretroviral therapy coverage for PMTCT (% of pregnant women living with HIV),16.0,18.0,22.0,21.0
PHL,Aquaculture production (metric tons),2237787.0,2304360.0,2358238.0,2322831.0
PHL,Arable land (% of land area),18.0,18.0,18.0,18.0
PHL,Arable land (hectares per person),0.0,0.0,0.0,0.0
PHL,Arable land (hectares),5590000.0,5590000.0,5590000.0,5590000.0
PHL,Armed forces personnel (% of total labor force),0.0,0.0,0.0,0.0
PHL,"Armed forces personnel, total",153000.0,153350.0,155000.0,157000.0
PHL,Arms imports (SIPRI trend indicator values),278000000.0,17000000.0,185000000.0,348000000.0
PHL,"Automated teller machines (ATMs) (per 100,000 adults)",28.0,28.0,28.0,29.0
PHL,Average precipitation in depth (mm per year),2348.0,2348.0,2348.0,2348.0
PHL,Average transaction cost of sending remittances to a specific country (%),4.0,2.0,2.0,2.0
PHL,Bank capital to assets ratio (%),8.0,9.0,9.0,9.0
PHL,Bank liquid reserves to bank assets ratio (%),25.0,21.0,21.0,28.0
PHL,Bank nonperforming loans to total gross loans (%),1.0,1.0,1.0,3.0
PHL,Battle-related deaths (number of people),1620.0,420.0,309.0,348.0
PHL,"Binding coverage, all products (%)",61.0,62.0,62.0,62.0
PHL,"Binding coverage, manufactured products (%)",61.0,61.0,61.0,61.0
PHL,"Binding coverage, primary products (%)",65.0,65.0,65.0,65.0
PHL,"Birth rate, crude (per 1,000 people)",22.0,22.0,22.0,22.0
PHL,"Bound rate, simple mean, all products (%)",25.0,25.0,25.0,25.0
PHL,"Bound rate, simple mean, manufactured products (%)",23.0,23.0,23.0,23.0
PHL,"Bound rate, simple mean, primary products (%)",31.0,31.0,31.0,31.0
PHL,Broad money (% of GDP),75.0,74.0,76.0,90.0
PHL,Broad money (current LCU),12486648982211.0,13610340722760.0,14950131998323.0,16244474369183.0
PHL,Broad money growth (annual %),11.0,8.0,9.0,8.0
PHL,Broad money to total reserves ratio,3.0,3.0,3.0,2.0
PHL,Business extent of disclosure index (0=less disclosure to 10=more disclosure),2.0,2.0,9.0,9.0
PHL,CO2 emissions (kg per 2015 US$ of GDP),0.0,0.0,0.0,0.0
PHL,CO2 emissions (kg per 2021 PPP $ of GDP),0.0,0.0,0.0,0.0
PHL,CO2 emissions (kg per PPP $ of GDP),0.0,0.0,0.0,0.0
PHL,CO2 emissions (kt),133456.0,139119.0,145871.0,133471.0
PHL,CO2 emissions (metric tons per capita),1.0,1.0,1.0,1.0
PHL,Capture fisheries production (metric tons),1889154.0,1822063.0,1830848.0,1914918.0
PHL,Cereal production (metric tons),27191819.0,26838576.0,26794250.0,27413962.0
PHL,Cereal yield (kg per hectare),3692.0,3670.0,3737.0,3769.0
PHL,Changes in inventories (constant LCU),42766420700.0,-26943785000.0,-44600240800.0,-386663323800.0
PHL,Changes in inventories (current LCU),-15471546100.0,-26943785000.0,-148526299900.0,-695464320600.0
PHL,Changes in inventories (current US$),-306952465.0,-511641727.0,-2867536530.0,-14014649669.0
PHL,"Charges for the use of intellectual property, payments (BoP, current US$)",751387515.0,916981982.0,832721346.0,519252390.0
PHL,"Charges for the use of intellectual property, receipts (BoP, current US$)",16914324.0,44086035.0,27878391.0,15258017.0
PHL,Chemicals (% of value added in manufacturing),5.0,11.0,5.0,3.0
PHL,Children (0-14) living with HIV,500.0,500.0,590.0,700.0
PHL,Children (ages 0-14) newly infected with HIV,200.0,200.0,200.0,200.0
PHL,Children out of school (% of primary school age),7.0,7.0,6.0,5.0
PHL,"Children out of school, female (% of female primary school age)",6.0,6.0,5.0,5.0
PHL,"Children out of school, male (% of male primary school age)",8.0,8.0,7.0,6.0
PHL,"Children out of school, primary",971896.0,1007092.0,845764.0,826193.0
PHL,"Children out of school, primary, female",402261.0,421321.0,343031.0,337340.0
PHL,"Children out of school, primary, male",569635.0,585771.0,502733.0,488853.0
PHL,Claims on central government (annual growth as % of broad money),0.0,2.0,3.0,4.0
PHL,"Claims on central government, etc. (% GDP)",17.0,17.0,19.0,26.0
PHL,Claims on other sectors of the domestic economy (% of GDP),64.0,65.0,66.0,73.0
PHL,Claims on other sectors of the domestic economy (annual growth as % of broad money),11.0,10.0,6.0,0.0
PHL,Claims on private sector (annual growth as % of broad money),9.0,9.0,4.0,0.0
PHL,Coal rents (% of GDP),0.0,0.0,0.0,0.0
PHL,"Commercial bank branches (per 100,000 adults)",8.0,9.0,9.0,9.0
PHL,"Commercial banks and other lending (PPG + PNG) (NFL, current US$)",-989230000.0,-184517000.0,-337772000.0,433774000.0
PHL,Commercial service exports (current US$),34812501415.0,38378241753.0,41244941365.0,31800353958.0
PHL,Commercial service imports (current US$),25844797492.0,26270817294.0,27685821539.0,17552795140.0
PHL,"Communications, computer, etc. (% of service exports, BoP)",71.0,70.0,68.0,88.0
PHL,"Communications, computer, etc. (% of service imports, BoP)",27.0,28.0,30.0,43.0
PHL,Compensation of employees (% of expense),35.0,38.0,38.0,33.0
PHL,Compensation of employees (current LCU),808419000000.0,987235000000.0,1115039000000.0,1178000000000.0
PHL,"Compulsory education, duration (years)",11.0,13.0,13.0,13.0
PHL,"Computer, communications and other services (% of commercial service exports)",71.0,70.0,68.0,88.0
PHL,"Computer, communications and other services (% of commercial service imports)",26.0,26.0,29.0,41.0
PHL,Consumer price index (2010 = 100),120.0,126.0,129.0,132.0
PHL,Container port traffic (TEU: 20 foot equivalent units),8249852.0,8859565.0,9333428.0,8019642.0
PHL,"Contributing family workers, female (% of female employment) (modeled ILO estimate)",10.0,8.0,9.0,9.0
PHL,"Contributing family workers, male (% of male employment) (modeled ILO estimate)",4.0,4.0,4.0,4.0
PHL,"Contributing family workers, total (% of total employment) (modeled ILO estimate)",7.0,5.0,6.0,6.0
PHL,Control of Corruption: Estimate,0.0,0.0,0.0,0.0
PHL,Control of Corruption: Number of Sources,12.0,12.0,12.0,12.0
PHL,Control of Corruption: Percentile Rank,38.0,32.0,30.0,33.0
PHL,"Control of Corruption: Percentile Rank, Lower Bound of 90% Confidence Interval",26.0,24.0,23.0,25.0
PHL,"Control of Corruption: Percentile Rank, Upper Bound of 90% Confidence Interval",45.0,41.0,40.0,45.0
PHL,Control of Corruption: Standard Error,0.0,0.0,0.0,0.0
PHL,Cost of business start-up procedures (% of GNI per capita),19.0,24.0,23.0,23.0
PHL,"Cost of business start-up procedures, female (% of GNI per capita)",19.0,24.0,23.0,23.0
PHL,"Cost of business start-up procedures, male (% of GNI per capita)",19.0,24.0,23.0,23.0
PHL,"Cost to export, border compliance (US$)",456.0,456.0,456.0,456.0
PHL,"Cost to export, documentary compliance (US$)",52.0,52.0,52.0,52.0
PHL,"Cost to import, border compliance (US$)",689.0,689.0,689.0,689.0
PHL,"Cost to import, documentary compliance (US$)",67.0,67.0,67.0,67.0
PHL,Crop production index (2014-2016 = 100),103.0,102.0,101.0,102.0
PHL,Current account balance (% of GDP),0.0,-2.0,0.0,3.0
PHL,"Current account balance (BoP, current US$)",-2142968677.0,-8877047441.0,-3046835246.0,11578388370.0
PHL,Current health expenditure (% of GDP),3.0,3.0,4.0,5.0
PHL,Current health expenditure per capita (current US$),122.0,126.0,142.0,166.0
PHL,"Current health expenditure per capita, PPP (current international $)",317.0,339.0,379.0,423.0
PHL,Customs and other import duties (% of tax revenue),20.0,23.0,22.0,21.0
PHL,Customs and other import duties (current LCU),458184000000.0,593111000000.0,630310000000.0,537687000000.0
PHL,DEC alternative conversion factor (LCU per US$),50.0,52.0,51.0,49.0
PHL,"Death rate, crude (per 1,000 people)",5.0,5.0,5.0,5.0
PHL,"Debt service (PPG and IMF only, % of exports of goods, services and primary income)",5.0,4.0,6.0,6.0
PHL,"Debt service on external debt, public and publicly guaranteed (PPG) (TDS, current US$)",5264401242.0,4682281514.0,6525794572.0,5652127911.0
PHL,"Debt service on external debt, total (TDS, current US$)",11208123501.0,8811185518.0,10619840093.0,9290532908.0
PHL,Deposit interest rate (%),1.0,3.0,4.0,4.0
PHL,"Depositors with commercial banks (per 1,000 adults)",507.0,576.0,658.0,686.0
PHL,Depth of credit information index (0=low to 8=high),7.0,7.0,7.0,7.0
PHL,Discrepancy in expenditure estimate of GDP (constant LCU),-600.0,-600.0,-600.0,-700.0
PHL,Discrepancy in expenditure estimate of GDP (current LCU),-200.0,-600.0,700.0,0.0
PHL,Domestic credit provided by financial sector (% of GDP),82.0,82.0,86.0,100.0
PHL,Domestic credit to private sector (% of GDP),45.0,47.0,47.0,52.0
PHL,Domestic credit to private sector by banks (% of GDP),45.0,47.0,47.0,52.0
PHL,Domestic general government health expenditure (% of GDP),1.0,1.0,1.0,2.0
PHL,Domestic general government health expenditure (% of current health expenditure),37.0,38.0,40.0,45.0
PHL,Domestic general government health expenditure (% of general government expenditure),7.0,7.0,7.0,9.0
PHL,Domestic general government health expenditure per capita (current US$),46.0,49.0,58.0,75.0
PHL,"Domestic general government health expenditure per capita, PPP (current international $)",119.0,132.0,154.0,191.0
PHL,Domestic private health expenditure (% of current health expenditure),60.0,60.0,58.0,54.0
PHL,Domestic private health expenditure per capita (current US$),74.0,77.0,84.0,90.0
PHL,"Domestic private health expenditure per capita, PPP (current international $)",191.0,206.0,224.0,229.0
PHL,Ease of doing business score (0 = lowest performance to 100 = best performance),59.0,60.0,62.0,62.0
PHL,"Educational attainment, Doctoral or equivalent, population 25+, female (%) (cumulative)",0.0,0.0,0.0,0.0
PHL,"Educational attainment, Doctoral or equivalent, population 25+, male (%) (cumulative)",0.0,0.0,0.0,0.0
PHL,"Educational attainment, Doctoral or equivalent, population 25+, total (%) (cumulative)",0.0,0.0,0.0,0.0
PHL,"Educational attainment, at least Bachelor's or equivalent, population 25+, female (%) (cumulative)",18.0,22.0,27.0,22.0
PHL,"Educational attainment, at least Bachelor's or equivalent, population 25+, male (%) (cumulative)",13.0,17.0,21.0,18.0
PHL,"Educational attainment, at least Bachelor's or equivalent, population 25+, total (%) (cumulative)",16.0,20.0,24.0,20.0
PHL,"Educational attainment, at least Master's or equivalent, population 25+, female (%) (cumulative)",0.0,0.0,0.0,0.0
PHL,"Educational attainment, at least Master's or equivalent, population 25+, male (%) (cumulative)",0.0,0.0,0.0,0.0
PHL,"Educational attainment, at least Master's or equivalent, population 25+, total (%) (cumulative)",0.0,0.0,0.0,0.0
PHL,"Educational attainment, at least completed lower secondary, population 25+, female (%) (cumulative)",62.0,67.0,73.0,65.0
PHL,"Educational attainment, at least completed lower secondary, population 25+, male (%) (cumulative)",56.0,62.0,69.0,61.0
PHL,"Educational attainment, at least completed lower secondary, population 25+, total (%) (cumulative)",59.0,65.0,71.0,63.0
PHL,"Educational attainment, at least completed post-secondary, population 25+, female (%) (cumulative)",23.0,28.0,33.0,37.0
PHL,"Educational attainment, at least completed post-secondary, population 25+, male (%) (cumulative)",16.0,22.0,27.0,33.0
PHL,"Educational attainment, at least completed post-secondary, population 25+, total (%) (cumulative)",20.0,25.0,30.0,35.0
PHL,"Educational attainment, at least completed primary, population 25+ years, female (%) (cumulative)",85.0,85.0,84.0,87.0
PHL,"Educational attainment, at least completed primary, population 25+ years, male (%) (cumulative)",82.0,81.0,80.0,83.0
PHL,"Educational attainment, at least completed primary, population 25+ years, total (%) (cumulative)",84.0,83.0,82.0,85.0
PHL,"Educational attainment, at least completed short-cycle tertiary, population 25+, female (%) (cumulative)",27.0,29.0,30.0,36.0
PHL,"Educational attainment, at least completed short-cycle tertiary, population 25+, male (%) (cumulative)",22.0,23.0,25.0,31.0
PHL,"Educational attainment, at least completed short-cycle tertiary, population 25+, total (%) (cumulative)",25.0,26.0,28.0,34.0
PHL,"Employers, female (% of female employment) (modeled ILO estimate)",2.0,2.0,2.0,1.0
PHL,"Employers, male (% of male employment) (modeled ILO estimate)",4.0,4.0,3.0,2.0
PHL,"Employers, total (% of total employment) (modeled ILO estimate)",3.0,3.0,2.0,2.0
PHL,Employment in agriculture (% of total employment) (modeled ILO estimate),25.0,24.0,22.0,24.0
PHL,"Employment in agriculture, female (% of female employment) (modeled ILO estimate)",15.0,14.0,13.0,14.0
PHL,"Employment in agriculture, male (% of male employment) (modeled ILO estimate)",31.0,30.0,28.0,30.0
PHL,Employment in industry (% of total employment) (modeled ILO estimate),18.0,19.0,19.0,18.0
PHL,"Employment in industry, female (% of female employment) (modeled ILO estimate)",9.0,9.0,9.0,9.0
PHL,"Employment in industry, male (% of male employment) (modeled ILO estimate)",23.0,24.0,25.0,24.0
PHL,Employment in services (% of total employment) (modeled ILO estimate),56.0,56.0,58.0,56.0
PHL,"Employment in services, female (% of female employment) (modeled ILO estimate)",74.0,75.0,76.0,75.0
PHL,"Employment in services, male (% of male employment) (modeled ILO estimate)",45.0,44.0,46.0,45.0
PHL,"Employment to population ratio, 15+, female (%) (modeled ILO estimate)",43.0,44.0,45.0,41.0
PHL,"Employment to population ratio, 15+, female (%) (national estimate)",43.0,44.0,45.0,41.0
PHL,"Employment to population ratio, 15+, male (%) (modeled ILO estimate)",71.0,70.0,70.0,65.0
PHL,"Employment to population ratio, 15+, male (%) (national estimate)",71.0,70.0,70.0,65.0
PHL,"Employment to population ratio, 15+, total (%) (modeled ILO estimate)",57.0,57.0,58.0,53.0
PHL,"Employment to population ratio, 15+, total (%) (national estimate)",57.0,57.0,58.0,53.0
PHL,"Employment to population ratio, ages 15-24, female (%) (modeled ILO estimate)",25.0,25.0,24.0,21.0
PHL,"Employment to population ratio, ages 15-24, female (%) (national estimate)",25.0,24.0,24.0,21.0
PHL,"Employment to population ratio, ages 15-24, male (%) (modeled ILO estimate)",43.0,41.0,39.0,34.0
PHL,"Employment to population ratio, ages 15-24, male (%) (national estimate)",43.0,41.0,39.0,34.0
PHL,"Employment to population ratio, ages 15-24, total (%) (modeled ILO estimate)",34.0,33.0,32.0,28.0
PHL,"Employment to population ratio, ages 15-24, total (%) (national estimate)",34.0,33.0,32.0,28.0
PHL,Energy intensity level of primary energy (MJ/$2017 PPP GDP),2.0,2.0,2.0,2.0
PHL,Expense (% of GDP),13.0,14.0,14.0,19.0
PHL,Expense (current LCU),2253883000000.0,2595951000000.0,2895667000000.0,3511382170000.0
PHL,Export unit value index (2015 = 100),100.0,102.0,100.0,99.0
PHL,Export value index (2015 = 100),116.0,114.0,119.0,108.0
PHL,Export volume index (2015 = 100),114.0,109.0,117.0,106.0
PHL,Exports as a capacity to import (constant LCU),5114739499630.0,5518572505300.0,5500627758870.0,4702314596454.0
PHL,Exports of goods and services (% of GDP),29.0,30.0,28.0,25.0
PHL,"Exports of goods and services (BoP, current US$)",86645909125.0,90373832107.0,94740948716.0,80033714168.0
PHL,Exports of goods and services (annual % growth),17.0,11.0,2.0,-16.0
PHL,Exports of goods and services (constant 2015 US$),106899163874.0,119530730233.0,122681580923.0,102876480592.0
PHL,Exports of goods and services (constant LCU),4935390133100.0,5518572505300.0,5664043029500.0,4749668274700.0
PHL,Exports of goods and services (current LCU),4892869683900.0,5518572505300.0,5539739492200.0,4524306240500.0
PHL,Exports of goods and services (current US$),97073582741.0,104793441904.0,106953484846.0,91171559890.0
PHL,"Exports of goods, services and primary income (BoP, current US$)",97229283617.0,102372996607.0,108142588862.0,91627234581.0
PHL,External balance on goods and services (% of GDP),-9.0,-11.0,-12.0,-7.0
PHL,External balance on goods and services (constant LCU),-2143636985500.0,-2143636985500.0,-2176921561400.0,-1401221766300.0
PHL,External balance on goods and services (current LCU),-1500659759600.0,-2143636985500.0,-2356977592700.0,-1393738932000.0
PHL,External balance on goods and services (current US$),-29772797714.0,-40706015493.0,-45505202473.0,-28085930915.0
PHL,External debt stocks (% of GNI),20.0,20.0,20.0,25.0
PHL,"External debt stocks, long-term (DOD, current US$)",57640152823.0,61756078394.0,65276939392.0,83082837480.0
PHL,"External debt stocks, private nonguaranteed (PNG) (DOD, current US$)",21135620000.0,23379092000.0,23523648423.0,26583796008.0
PHL,"External debt stocks, public and publicly guaranteed (PPG) (DOD, current US$)",36504532823.0,38376986394.0,41753290969.0,56499041471.0
PHL,"External debt stocks, short-term (DOD, current US$)",14274661000.0,16068000000.0,17208184000.0,14208678000.0
PHL,"External debt stocks, total (DOD, current US$)",73108188466.0,78989513051.0,83643882832.0,98498410045.0
PHL,External health expenditure (% of current health expenditure),2.0,0.0,0.0,0.0
PHL,External health expenditure per capita (current US$),3.0,0.0,1.0,1.0
PHL,"External health expenditure per capita, PPP (current international $)",7.0,1.0,2.0,3.0
PHL,Female share of employment in senior and middle management (%),23.0,25.0,29.0,35.0
PHL,"Fertility rate, total (births per woman)",2.0,2.0,2.0,2.0
PHL,Fertilizer consumption (% of fertilizer production),652.0,366.0,1403.0,634.0
PHL,Fertilizer consumption (kilograms per hectare of arable land),212.0,169.0,195.0,209.0
PHL,Final consumption expenditure (% of GDP),83.0,84.0,85.0,90.0
PHL,Final consumption expenditure (annual % growth),6.0,6.0,6.0,-5.0
PHL,Final consumption expenditure (constant 2015 US$),291095415439.0,310853885703.0,330523569387.0,313137759806.0
PHL,Final consumption expenditure (constant LCU),14467707776000.0,15449721778000.0,16427323006000.0,15563232405000.0
PHL,Final consumption expenditure (current LCU),13825633833000.0,15449721778000.0,16721771913000.0,16215746640000.0
PHL,Final consumption expenditure (current US$),274297885810.0,293378318401.0,322840411795.0,326771628041.0
PHL,Fixed broadband subscriptions,3400000.0,3790000.0,6310000.0,7940000.0
PHL,Fixed broadband subscriptions (per 100 people),3.0,3.0,5.0,7.0
PHL,Fixed telephone subscriptions,4163280.0,4132440.0,4255810.0,4731200.0
PHL,Fixed telephone subscriptions (per 100 people),3.0,3.0,3.0,4.0
PHL,Food exports (% of merchandise exports),9.0,8.0,9.0,9.0
PHL,Food imports (% of merchandise imports),11.0,11.0,12.0,13.0
PHL,Food production index (2014-2016 = 100),101.0,101.0,101.0,100.0
PHL,"Food, beverages and tobacco (% of value added in manufacturing)",32.0,35.0,37.0,39.0
PHL,"Foreign direct investment, net (BoP, current US$)",-6951710899.0,-5832900583.0,-5320429168.0,-3260102016.0
PHL,"Foreign direct investment, net inflows (% of GDP)",3.0,2.0,2.0,1.0
PHL,"Foreign direct investment, net inflows (BoP, current US$)",10256442398.0,9948598823.0,8671365873.0,6822133290.0
PHL,"Foreign direct investment, net outflows (% of GDP)",1.0,1.0,0.0,0.0
PHL,"Foreign direct investment, net outflows (BoP, current US$)",3304731499.0,4115698240.0,3350936705.0,3562031274.0
PHL,Forest area (% of land area),23.0,23.0,23.0,24.0
PHL,Forest area (sq. km),70839.0,71188.0,71537.0,71885.0
PHL,Forest rents (% of GDP),0.0,0.0,0.0,0.0
PHL,Fuel exports (% of merchandise exports),1.0,1.0,1.0,1.0
PHL,Fuel imports (% of merchandise imports),11.0,12.0,12.0,8.0
PHL,GDP (constant 2015 US$),351113338977.0,373379140707.0,396224439244.0,358510629282.0
PHL,GDP (constant LCU),17175978086000.0,18265190258000.0,19382750611000.0,17537843279000.0
PHL,GDP (current LCU),16556651083000.0,18265190258000.0,19517863172000.0,17951573570000.0
PHL,GDP (current US$),328480736798.0,346841896583.0,376823402244.0,361751145451.0
PHL,GDP deflator (base year varies by country),96.0,100.0,100.0,102.0
PHL,GDP deflator: linked series (base year varies by country),96.0,100.0,100.0,102.0
PHL,GDP growth (annual %),6.0,6.0,6.0,-9.0
PHL,GDP per capita (constant 2015 US$),3289.0,3439.0,3589.0,3195.0
PHL,GDP per capita (constant LCU),160916.0,168236.0,175598.0,156321.0
PHL,GDP per capita (current LCU),155114.0,168236.0,176822.0,160009.0
PHL,GDP per capita (current US$),3077.0,3194.0,3413.0,3224.0
PHL,GDP per capita growth (annual %),5.0,4.0,4.0,-10.0
PHL,"GDP per capita, PPP (constant 2021 international $)",8695.0,9090.0,9488.0,8446.0
PHL,"GDP per capita, PPP (current international $)",7874.0,8426.0,8958.0,8230.0
PHL,GDP per person employed (constant 2021 PPP $),22161.0,23073.0,23759.0,22918.0
PHL,"GDP, PPP (constant 2021 international $)",928114173538.0,986970399935.0,1047358437124.0,947667774087.0
PHL,"GDP, PPP (current international $)",840500711144.0,914882799575.0,988832200555.0,923366701020.0
PHL,GDP: linked series (current LCU),16556651083000.0,18265190258000.0,19517863171999.0,17951573570000.0
PHL,GNI (constant 2015 US$),389697119862.0,412733266056.0,434923187644.0,385077978757.0
PHL,GNI (constant LCU),19084224137000.0,20212348916000.0,21299032434000.0,18858015834000.0
PHL,GNI (current LCU),18383179108000.0,20212348916000.0,21472060353000.0,19312000510000.0
PHL,GNI (current US$),364718697508.0,383816939950.0,414552288030.0,389165789740.0
PHL,GNI growth (annual %),6.0,5.0,5.0,-11.0
PHL,GNI per capita (constant 2015 US$),3650.0,3801.0,3940.0,3432.0
PHL,GNI per capita (constant LCU),178794.0,186170.0,192959.0,168088.0
PHL,GNI per capita (current LCU),172226.0,186170.0,194527.0,172135.0
PHL,GNI per capita growth (annual %),4.0,4.0,3.0,-12.0
PHL,"GNI per capita, Atlas method (current US$)",3480.0,3640.0,3770.0,3350.0
PHL,"GNI per capita, PPP (constant 2021 international $)",9671.0,10070.0,10437.0,9092.0
PHL,"GNI per capita, PPP (current international $)",8740.0,9330.0,9860.0,8850.0
PHL,"GNI, Atlas method (current US$)",371432741926.0,395267673123.0,416217284040.0,375814681914.0
PHL,"GNI, PPP (constant 2021 international $)",1032308263311.0,1093331049621.0,1152112185662.0,1020072151497.0
PHL,"GNI, PPP (current international $)",933224662156.0,1012413782777.0,1087837562042.0,993342345811.0
PHL,GNI: linked series (current LCU),18383179108000.0,20212348916000.0,21472060352999.0,19312000510000.0
PHL,General government final consumption expenditure (% of GDP),11.0,12.0,12.0,15.0
PHL,General government final consumption expenditure (annual % growth),6.0,13.0,9.0,10.0
PHL,General government final consumption expenditure (constant 2015 US$),38947891213.0,44163168678.0,48183283894.0,53242968919.0
PHL,General government final consumption expenditure (constant LCU),1939879737800.0,2199637346400.0,2399867443800.0,2651875451300.0
PHL,General government final consumption expenditure (current LCU),1874770250100.0,2199637346400.0,2433439250300.0,2739671248100.0
PHL,General government final consumption expenditure (current US$),37195077071.0,41769419220.0,46981416427.0,55208486782.0
PHL,Goods and services expense (% of expense),20.0,20.0,19.0,25.0
PHL,Goods and services expense (current LCU),465372000000.0,525606000000.0,572919000000.0,885100000000.0
PHL,"Goods exports (BoP, current US$)",51814261868.0,51976749434.0,53476930080.0,48211513848.0
PHL,"Goods imports (BoP, current US$)",92029051174.0,102949246902.0,102788477624.0,81986787675.0
PHL,Government Effectiveness: Estimate,0.0,0.0,0.0,0.0
PHL,Government Effectiveness: Number of Sources,9.0,9.0,9.0,8.0
PHL,Government Effectiveness: Percentile Rank,52.0,53.0,54.0,54.0
PHL,"Government Effectiveness: Percentile Rank, Lower Bound of 90% Confidence Interval",38.0,42.0,39.0,39.0
PHL,"Government Effectiveness: Percentile Rank, Upper Bound of 90% Confidence Interval",64.0,67.0,66.0,68.0
PHL,Government Effectiveness: Standard Error,0.0,0.0,0.0,0.0
PHL,"Government expenditure on education, total (% of GDP)",3.0,3.0,3.0,3.0
PHL,"Government expenditure on education, total (% of government expenditure)",19.0,18.0,17.0,16.0
PHL,Grants and other revenue (% of revenue),8.0,9.0,9.0,12.0
PHL,Grants and other revenue (current LCU),221624000000.0,268717000000.0,308775000000.0,351062830000.0
PHL,"Grants, excluding technical cooperation (BoP, current US$)",428590000.0,443350000.0,389510000.0,413740000.0
PHL,Gross capital formation (% of GDP),25.0,27.0,26.0,17.0
PHL,Gross capital formation (annual % growth),10.0,11.0,3.0,-34.0
PHL,Gross capital formation (constant 2015 US$),87603930978.0,97487699696.0,100893380418.0,66363210256.0
PHL,Gross capital formation (constant LCU),4456327663100.0,4959105466100.0,5132349167000.0,3375832641000.0
PHL,Gross capital formation (current LCU),4231677009800.0,4959105466100.0,5153068851000.0,3129565862000.0
PHL,Gross capital formation (current US$),83955648706.0,94169593687.0,99488192909.0,63065448325.0
PHL,Gross domestic income (constant LCU),17355327452530.0,18265190258000.0,19219335340370.0,17490489600754.0
PHL,Gross domestic savings (% of GDP),16.0,15.0,14.0,9.0
PHL,Gross domestic savings (current LCU),2731017250000.0,2815468480000.0,2796091259000.0,1735826930000.0
PHL,Gross domestic savings (current US$),54182850987.0,53463578182.0,53982990449.0,34979517410.0
PHL,Gross fixed capital formation (% of GDP),25.0,27.0,27.0,21.0
PHL,Gross fixed capital formation (annual % growth),10.0,12.0,3.0,-27.0
PHL,Gross fixed capital formation (constant 2015 US$),91055119582.0,102845777745.0,106811834107.0,77635450941.0
PHL,Gross fixed capital formation (constant LCU),4412035368100.0,4983346471400.0,5175519970500.0,3761791285800.0
PHL,Gross fixed capital formation (current LCU),4245610147900.0,4983346471400.0,5300100183200.0,3824091246500.0
PHL,Gross fixed capital formation (current US$),84232079455.0,94629911709.0,102326866710.0,77061177023.0
PHL,Gross national expenditure (% of GDP),109.0,111.0,112.0,107.0
PHL,Gross national expenditure (constant 2015 US$),378699346417.0,408341585399.0,431416949806.0,379500970062.0
PHL,Gross national expenditure (constant LCU),18924035439100.0,20408827244100.0,21559672173000.0,18939065046000.0
PHL,Gross national expenditure (current LCU),18057310842800.0,20408827244100.0,21874840764000.0,19345312502000.0
PHL,Gross national expenditure (current US$),358253534516.0,387547912088.0,422328604705.0,389837076367.0
PHL,Gross national expenditure deflator (base year varies by country),95.0,100.0,101.0,102.0
PHL,Gross savings (% of GDP),35.0,33.0,31.0,24.0
PHL,Gross savings (% of GNI),31.0,30.0,28.0,23.0
PHL,Gross savings (current LCU),5875728920596.0,6174922134253.0,6197933989578.0,4455252649565.0
PHL,Gross savings (current US$),116573318806.0,117257015889.0,119660976832.0,89780026412.0
PHL,High-technology exports (% of manufactured exports),60.0,61.0,62.0,67.0
PHL,High-technology exports (current US$),33502474391.0,33903552582.0,35825934134.0,34896245637.0
PHL,"Hospital beds (per 1,000 people)",0.0,0.0,0.0,0.0
PHL,Households and NPISHs Final consumption expenditure (annual % growth),5.0,5.0,5.0,-7.0
PHL,Households and NPISHs Final consumption expenditure (constant 2015 US$),252145421838.0,266682150977.0,282328164887.0,259864641783.0
PHL,Households and NPISHs Final consumption expenditure (constant LCU),12527828038000.0,13250084431000.0,14027455562000.0,12911356953000.0
PHL,Households and NPISHs Final consumption expenditure (current LCU),11950863583000.0,13250084431000.0,14288332663000.0,13476075392000.0
PHL,Households and NPISHs Final consumption expenditure (current US$),237102808741.0,251608899169.0,275858995374.0,271563141261.0
PHL,Households and NPISHs Final consumption expenditure per capita (constant 2015 US$),2362.0,2456.0,2557.0,2316.0
PHL,Households and NPISHs Final consumption expenditure per capita growth (annual %),4.0,3.0,4.0,-9.0
PHL,"Households and NPISHs Final consumption expenditure, PPP (constant 2021 international $)",655625715500.0,693423956584.0,734106547567.0,675697145164.0
PHL,"Households and NPISHs Final consumption expenditure, PPP (current international $)",594414805483.0,642502429077.0,693395990779.0,651248540188.0
PHL,Households and NPISHs final consumption expenditure (% of GDP),72.0,72.0,73.0,75.0
PHL,Households and NPISHs final consumption expenditure: linked series (current LCU),11950863583000.0,13250084431000.0,14288332663000.0,13476075392000.0
PHL,Human capital index (HCI) (scale 0-1),0.0,0.0,0.0,0.0
PHL,"Human capital index (HCI), female (scale 0-1)",0.0,0.0,0.0,0.0
PHL,"Human capital index (HCI), female, lower bound (scale 0-1)",0.0,0.0,0.0,0.0
PHL,"Human capital index (HCI), female, upper bound (scale 0-1)",0.0,0.0,0.0,0.0
PHL,"Human capital index (HCI), lower bound (scale 0-1)",0.0,0.0,0.0,0.0
PHL,"Human capital index (HCI), male (scale 0-1)",0.0,0.0,0.0,0.0
PHL,"Human capital index (HCI), male, lower bound (scale 0-1)",0.0,0.0,0.0,0.0
PHL,"Human capital index (HCI), male, upper bound (scale 0-1)",0.0,0.0,0.0,0.0
PHL,"Human capital index (HCI), upper bound (scale 0-1)",0.0,0.0,0.0,0.0
PHL,"IBRD loans and IDA credits (DOD, current US$)",5132447000.0,5841881000.0,6455837000.0,8100178000.0
PHL,ICT goods exports (% of total goods exports),35.0,38.0,49.0,50.0
PHL,ICT goods imports (% total goods imports),19.0,22.0,21.0,24.0
PHL,"ICT service exports (% of service exports, BoP)",16.0,15.0,14.0,18.0
PHL,"ICT service exports (BoP, current US$)",5638432512.0,5939974716.0,6098008299.0,5929697458.0
PHL,"IFC, private nonguaranteed (NFL, US$)",-55675105.0,225840339.0,123885693.0,-39408874.0
PHL,"IMF repurchases and charges (TDS, current US$)",621258.0,1121495.0,11502513.0,3659587.0
PHL,"Immunization, DPT (% of children ages 12-23 months)",80.0,75.0,71.0,71.0
PHL,"Immunization, HepB3 (% of one-year-old children)",80.0,75.0,71.0,71.0
PHL,"Immunization, measles (% of children ages 12-23 months)",78.0,77.0,75.0,72.0
PHL,Import unit value index (2015 = 100),99.0,104.0,100.0,98.0
PHL,Import value index (2015 = 100),136.0,154.0,151.0,121.0
PHL,Import volume index (2015 = 100),132.0,142.0,145.0,120.0
PHL,Imports of goods and services (% of GDP),38.0,41.0,40.0,32.0
PHL,"Imports of goods and services (BoP, current US$)",118167562265.0,129738212432.0,131013129558.0,99942619162.0
PHL,Imports of goods and services (annual % growth),15.0,14.0,2.0,-21.0
PHL,Imports of goods and services (constant 2015 US$),133878420270.0,153484336429.0,157065040919.0,123210580124.0
PHL,Imports of goods and services (constant LCU),6683447485700.0,7662209490800.0,7840964590900.0,6150890041000.0
PHL,Imports of goods and services (current LCU),6393529443500.0,7662209490800.0,7896717084900.0,5918045172500.0
PHL,Imports of goods and services (current US$),126846380455.0,145499457397.0,152458687320.0,119257490806.0
PHL,"Imports of goods, services and primary income (BoP, current US$)",125524759403.0,138068438388.0,139138524706.0,107434710923.0
PHL,"Incidence of HIV, ages 15-24 (per 1,000 uninfected population ages 15-24)",0.0,0.0,0.0,0.0
PHL,"Incidence of HIV, ages 15-49 (per 1,000 uninfected population ages 15-49)",0.0,0.0,0.0,0.0
PHL,"Incidence of HIV, all (per 1,000 uninfected population)",0.0,0.0,0.0,0.0
PHL,"Incidence of malaria (per 1,000 population at risk)",0.0,0.0,0.0,0.0
PHL,"Incidence of tuberculosis (per 100,000 people)",554.0,554.0,554.0,544.0
PHL,Individuals using the Internet (% of population),41.0,44.0,43.0,53.0
PHL,"Industrial design applications, nonresident, by count",666.0,660.0,625.0,628.0
PHL,"Industrial design applications, resident, by count",751.0,929.0,1110.0,665.0
PHL,"Industry (including construction), value added (% of GDP)",30.0,30.0,30.0,28.0
PHL,"Industry (including construction), value added (annual % growth)",7.0,7.0,5.0,-13.0
PHL,"Industry (including construction), value added (constant 2015 US$)",108153685577.0,116052132046.0,122399752813.0,106339562083.0
PHL,"Industry (including construction), value added (constant LCU)",5202581583100.0,5582525289300.0,5887868696900.0,5115315713000.0
PHL,"Industry (including construction), value added (current LCU)",4987947862400.0,5582525289300.0,5919281491300.0,5098232099100.0
PHL,"Industry (including construction), value added (current US$)",98959915307.0,106007856021.0,114281147005.0,102737027171.0
PHL,"Industry (including construction), value added per worker (constant 2015 US$)",14133.0,14231.0,14524.0,14052.0
PHL,"Inflation, GDP deflator (annual %)",2.0,3.0,0.0,1.0
PHL,"Inflation, GDP deflator: linked series (annual %)",2.0,3.0,0.0,1.0
PHL,"Inflation, consumer prices (annual %)",2.0,5.0,2.0,2.0
PHL,Insurance and financial services (% of commercial service exports),0.0,0.0,0.0,0.0
PHL,Insurance and financial services (% of commercial service imports),7.0,7.0,8.0,11.0
PHL,"Insurance and financial services (% of service exports, BoP)",0.0,0.0,0.0,0.0
PHL,"Insurance and financial services (% of service imports, BoP)",7.0,7.0,8.0,10.0
PHL,"Intentional homicides (per 100,000 people)",7.0,5.0,4.0,4.0
PHL,"Intentional homicides, female (per 100,000 female)",1.0,0.0,0.0,0.0
PHL,"Intentional homicides, male (per 100,000 male)",14.0,9.0,7.0,7.0
PHL,Interest payments (% of expense),13.0,13.0,12.0,10.0
PHL,Interest payments (% of revenue),12.0,12.0,11.0,13.0
PHL,Interest payments (current LCU),310541000000.0,349215000000.0,360874000000.0,380412170000.0
PHL,"Interest rate spread (lending rate minus deposit rate, %)",3.0,3.0,3.0,3.0
PHL,"Internally displaced persons, new displacement associated with conflict and violence (number of cases)",645000.0,188000.0,183000.0,111000.0
PHL,"Internally displaced persons, new displacement associated with disasters (number of cases)",2529000.0,3802000.0,4495000.0,4450000.0
PHL,"Internally displaced persons, total displaced by conflict and violence (number of people)",445000.0,301000.0,182000.0,153000.0
PHL,"International tourism, expenditures (% of total imports)",10.0,9.0,9.0,4.0
PHL,"International tourism, expenditures (current US$)",12442000000.0,12474000000.0,12926000000.0,4872000000.0
PHL,"International tourism, expenditures for passenger transport items (current US$)",592000000.0,611000000.0,888000000.0,304000000.0
PHL,"International tourism, expenditures for travel items (current US$)",11850000000.0,11863000000.0,12038000000.0,4568000000.0
PHL,"International tourism, number of arrivals",6621000.0,7168000.0,8261000.0,1483000.0
PHL,"International tourism, receipts (% of total exports)",9.0,10.0,12.0,3.0
PHL,"International tourism, receipts (current US$)",8349000000.0,9715000000.0,11455000000.0,2769000000.0
PHL,"International tourism, receipts for passenger transport items (current US$)",1361000000.0,1475000000.0,1674000000.0,759000000.0
PHL,"International tourism, receipts for travel items (current US$)",6988000000.0,8240000000.0,9781000000.0,2010000000.0
PHL,Investment in energy with private participation (current US$),1700000000.0,19120000.0,52500000.0,59610000.0
PHL,Investment in transport with private participation (current US$),53550000.0,893400000.0,1733250000.0,1733250000.0
PHL,Investment in water and sanitation with private participation (current US$),18960000.0,18960000.0,32070000.0,32070000.0
PHL,"Labor force participation rate for ages 15-24, female (%) (modeled ILO estimate)",27.0,27.0,27.0,23.0
PHL,"Labor force participation rate for ages 15-24, female (%) (national estimate)",27.0,27.0,26.0,23.0
PHL,"Labor force participation rate for ages 15-24, male (%) (modeled ILO estimate)",46.0,43.0,42.0,36.0
PHL,"Labor force participation rate for ages 15-24, male (%) (national estimate)",46.0,43.0,42.0,36.0
PHL,"Labor force participation rate for ages 15-24, total (%) (modeled ILO estimate)",37.0,35.0,34.0,30.0
PHL,"Labor force participation rate for ages 15-24, total (%) (national estimate)",37.0,35.0,34.0,30.0
PHL,"Labor force participation rate, female (% of female population ages 15+) (modeled ILO estimate)",44.0,45.0,46.0,42.0
PHL,"Labor force participation rate, female (% of female population ages 15+) (national estimate)",44.0,45.0,46.0,42.0
PHL,"Labor force participation rate, female (% of female population ages 15-64) (modeled ILO estimate)",46.0,47.0,48.0,44.0
PHL,"Labor force participation rate, male (% of male population ages 15+) (modeled ILO estimate)",73.0,72.0,72.0,66.0
PHL,"Labor force participation rate, male (% of male population ages 15+) (national estimate)",73.0,72.0,72.0,66.0
PHL,"Labor force participation rate, male (% of male population ages 15-64) (modeled ILO estimate)",75.0,74.0,74.0,68.0
PHL,"Labor force participation rate, total (% of total population ages 15+) (modeled ILO estimate)",59.0,58.0,59.0,54.0
PHL,"Labor force participation rate, total (% of total population ages 15+) (national estimate)",59.0,58.0,59.0,54.0
PHL,"Labor force participation rate, total (% of total population ages 15-64) (modeled ILO estimate)",61.0,61.0,61.0,56.0
PHL,"Labor force, female (% of total labor force)",37.0,38.0,38.0,38.0
PHL,"Labor force, total",42974771.0,43800369.0,45091808.0,42419079.0
PHL,Labor tax and contributions (% of commercial profits),8.0,8.0,8.0,8.0
PHL,Land area (sq. km),298170.0,298170.0,298170.0,298170.0
PHL,Land under cereal production (hectares),7364502.0,7311944.0,7168316.0,7272792.0
PHL,Lending interest rate (%),5.0,6.0,7.0,7.0
PHL,Level of water stress: freshwater withdrawal as a proportion of available freshwater resources,28.0,28.0,26.0,26.0
PHL,"Life expectancy at birth, female (years)",73.0,73.0,73.0,73.0
PHL,"Life expectancy at birth, male (years)",69.0,69.0,69.0,70.0
PHL,"Life expectancy at birth, total (years)",71.0,71.0,71.0,72.0
PHL,Lifetime risk of maternal death (%),0.0,0.0,0.0,0.0
PHL,Lifetime risk of maternal death (1 in: rate varies by country),380.0,390.0,400.0,410.0
PHL,Liner shipping connectivity index (maximum value in 2004 = 100),30.0,31.0,30.0,29.0
PHL,"Listed domestic companies, total",264.0,264.0,265.0,268.0
PHL,"Literacy rate, adult female (% of females ages 15 and above)",96.0,96.0,96.0,98.0
PHL,"Literacy rate, adult male (% of males ages 15 and above)",95.0,95.0,95.0,98.0
PHL,"Literacy rate, adult total (% of people ages 15 and above)",96.0,96.0,96.0,98.0
PHL,"Literacy rate, youth (ages 15-24), gender parity index (GPI)",1.0,1.0,1.0,1.0
PHL,"Literacy rate, youth female (% of females ages 15-24)",98.0,98.0,98.0,99.0
PHL,"Literacy rate, youth male (% of males ages 15-24)",97.0,97.0,97.0,99.0
PHL,"Literacy rate, youth total (% of people ages 15-24)",98.0,98.0,98.0,99.0
PHL,Livestock production index (2014-2016 = 100),97.0,98.0,100.0,94.0
PHL,Low-birthweight babies (% of births),21.0,21.0,21.0,21.0
PHL,"Lower secondary completion rate, female (% of relevant age group)",83.0,85.0,87.0,89.0
PHL,"Lower secondary completion rate, male (% of relevant age group)",71.0,74.0,75.0,77.0
PHL,"Lower secondary completion rate, total (% of relevant age group)",77.0,79.0,81.0,83.0
PHL,Lower secondary school starting age (years),12.0,12.0,12.0,12.0
PHL,Machinery and transport equipment (% of value added in manufacturing),39.0,24.0,19.0,28.0
PHL,Manufactures exports (% of merchandise exports),80.0,81.0,81.0,79.0
PHL,Manufactures imports (% of merchandise imports),73.0,73.0,73.0,74.0
PHL,"Manufacturing, value added (% of GDP)",19.0,19.0,18.0,17.0
PHL,"Manufacturing, value added (annual % growth)",8.0,5.0,3.0,-9.0
PHL,"Manufacturing, value added (constant 2015 US$)",70488405523.0,74114972302.0,76922166392.0,69397611710.0
PHL,"Manufacturing, value added (constant LCU)",3317641432600.0,3488331181000.0,3620455937600.0,3266301602700.0
PHL,"Manufacturing, value added (current LCU)",3228580414900.0,3488331181000.0,3614016234100.0,3169921002900.0
PHL,"Manufacturing, value added (current US$)",64054407390.0,66240722688.0,69774333445.0,63878664971.0
PHL,Marine protected areas (% of territorial waters),1.0,1.0,1.0,1.0
PHL,Market capitalization of listed domestic companies (% of GDP),88.0,74.0,73.0,75.0
PHL,Market capitalization of listed domestic companies (current US$),290401420000.0,258223590000.0,275366710000.0,272790290000.0
PHL,"Maternal mortality ratio (modeled estimate, per 100,000 live births)",84.0,82.0,81.0,78.0
PHL,Medium and high-tech exports (% manufactured exports),78.0,80.0,81.0,81.0
PHL,Medium and high-tech manufacturing value added (% manufacturing value added),46.0,37.0,26.0,41.0
PHL,Merchandise exports (current US$),68713000000.0,67488000000.0,70334000000.0,63879000000.0
PHL,Merchandise exports by the reporting economy (current US$),63130626512.0,67483165955.0,70875127463.0,63636985845.0
PHL,"Merchandise exports by the reporting economy, residual (% of total merchandise exports)",0.0,0.0,0.0,0.0
PHL,Merchandise exports to economies in the Arab World (% of total merchandise exports),1.0,0.0,1.0,0.0
PHL,Merchandise exports to high-income economies (% of total merchandise exports),76.0,73.0,72.0,71.0
PHL,Merchandise exports to low- and middle-income economies in East Asia & Pacific (% of total merchandise exports),20.0,22.0,23.0,25.0
PHL,Merchandise exports to low- and middle-income economies in Europe & Central Asia (% of total merchandise exports),0.0,0.0,0.0,0.0
PHL,Merchandise exports to low- and middle-income economies in Latin America & the Caribbean (% of total merchandise exports),1.0,1.0,1.0,1.0
PHL,Merchandise exports to low- and middle-income economies in Middle East & North Africa (% of total merchandise exports),0.0,0.0,0.0,0.0
PHL,Merchandise exports to low- and middle-income economies in South Asia (% of total merchandise exports),0.0,1.0,0.0,1.0
PHL,Merchandise exports to low- and middle-income economies in Sub-Saharan Africa (% of total merchandise exports),0.0,0.0,0.0,0.0
PHL,Merchandise exports to low- and middle-income economies outside region (% of total merchandise exports),3.0,3.0,3.0,3.0
PHL,Merchandise exports to low- and middle-income economies within region (% of total merchandise exports),20.0,22.0,23.0,25.0
PHL,Merchandise imports (current US$),101902000000.0,115119000000.0,112909000000.0,90751000000.0
PHL,Merchandise imports by the reporting economy (current US$),92838698623.0,108929000000.0,120767000000.0,94802164328.0
PHL,"Merchandise imports by the reporting economy, residual (% of total merchandise imports)",0.0,0.0,4.0,5.0
PHL,Merchandise imports from economies in the Arab World (% of total merchandise imports),3.0,4.0,2.0,1.0
PHL,Merchandise imports from high-income economies (% of total merchandise imports),56.0,55.0,49.0,48.0
PHL,Merchandise imports from low- and middle-income economies in East Asia & Pacific (% of total merchandise imports),39.0,39.0,41.0,41.0
PHL,Merchandise imports from low- and middle-income economies in Europe & Central Asia (% of total merchandise imports),0.0,1.0,1.0,1.0
PHL,Merchandise imports from low- and middle-income economies in Latin America & the Caribbean (% of total merchandise imports),1.0,1.0,1.0,1.0
PHL,Merchandise imports from low- and middle-income economies in Middle East & North Africa (% of total merchandise imports),0.0,0.0,0.0,0.0
PHL,Merchandise imports from low- and middle-income economies in South Asia (% of total merchandise imports),1.0,1.0,1.0,1.0
PHL,Merchandise imports from low- and middle-income economies in Sub-Saharan Africa (% of total merchandise imports),0.0,0.0,0.0,0.0
PHL,Merchandise imports from low- and middle-income economies outside region (% of total merchandise imports),4.0,4.0,4.0,4.0
PHL,Merchandise imports from low- and middle-income economies within region (% of total merchandise imports),39.0,39.0,41.0,41.0
PHL,Merchandise trade (% of GDP),51.0,52.0,48.0,42.0
PHL,Methane emissions (kt of CO2 equivalent),65882.0,66117.0,65051.0,65722.0
PHL,Methane emissions in energy sector (thousand metric tons of CO2 equivalent),3273.0,3356.0,3335.0,3216.0
PHL,Military expenditure (% of GDP),1.0,1.0,1.0,1.0
PHL,Military expenditure (% of general government expenditure),6.0,5.0,5.0,4.0
PHL,Military expenditure (current LCU),193375200000.0,216305000000.0,220811700000.0,232875000000.0
PHL,Military expenditure (current USD),3836464209.0,4107401278.0,4268129892.0,4693073497.0
PHL,Mineral rents (% of GDP),0.0,0.0,0.0,0.0
PHL,Mobile cellular subscriptions,120000000.0,135000000.0,167000000.0,150000000.0
PHL,Mobile cellular subscriptions (per 100 people),112.0,123.0,151.0,133.0
PHL,Monetary Sector credit to private sector (% GDP),45.0,47.0,47.0,52.0
PHL,"Mortality caused by road traffic injury (per 100,000 population)",11.0,11.0,12.0,12.0
PHL,"Mortality from CVD, cancer, diabetes or CRD between exact ages 30 and 70 (%)",24.0,24.0,24.0,24.0
PHL,"Mortality from CVD, cancer, diabetes or CRD between exact ages 30 and 70, female (%)",18.0,18.0,18.0,18.0
PHL,"Mortality from CVD, cancer, diabetes or CRD between exact ages 30 and 70, male (%)",30.0,30.0,30.0,30.0
PHL,"Mortality rate attributed to unintentional poisoning (per 100,000 population)",0.0,0.0,0.0,0.0
PHL,"Mortality rate attributed to unintentional poisoning, female (per 100,000 female population)",0.0,0.0,0.0,0.0
PHL,"Mortality rate attributed to unintentional poisoning, male (per 100,000 male population)",0.0,0.0,0.0,0.0
PHL,"Mortality rate, adult, female (per 1,000 female adults)",115.0,113.0,111.0,108.0
PHL,"Mortality rate, adult, male (per 1,000 male adults)",160.0,158.0,156.0,153.0
PHL,"Mortality rate, infant (per 1,000 live births)",22.0,22.0,22.0,22.0
PHL,"Mortality rate, infant, female (per 1,000 live births)",19.0,19.0,19.0,19.0
PHL,"Mortality rate, infant, male (per 1,000 live births)",24.0,24.0,24.0,24.0
PHL,"Mortality rate, neonatal (per 1,000 live births)",13.0,14.0,14.0,14.0
PHL,"Mortality rate, under-5 (per 1,000 live births)",27.0,28.0,28.0,28.0
PHL,"Mortality rate, under-5, female (per 1,000 live births)",25.0,25.0,25.0,25.0
PHL,"Mortality rate, under-5, male (per 1,000 live births)",30.0,30.0,30.0,30.0
PHL,Multilateral debt service (% of public and publicly guaranteed debt service),16.0,20.0,16.0,17.0
PHL,"Multilateral debt service (TDS, current US$)",874216118.0,959496633.0,1059231610.0,1013446266.0
PHL,Natural gas rents (% of GDP),0.0,0.0,0.0,0.0
PHL,Net ODA received (% of GNI),0.0,0.0,0.0,0.0
PHL,Net ODA received (% of central government expense),0.0,1.0,1.0,2.0
PHL,Net ODA received (% of gross capital formation),0.0,0.0,0.0,2.0
PHL,"Net ODA received (% of imports of goods, services and primary income)",0.0,0.0,0.0,1.0
PHL,Net ODA received per capita (current US$),1.0,5.0,8.0,12.0
PHL,Net acquisition of financial assets (% of GDP),1.0,0.0,-1.0,4.0
PHL,Net acquisition of financial assets (current LCU),255694000000.0,-59446130000.0,-205065260000.0,736150970000.0
PHL,Net barter terms of trade index (2015 = 100),99.0,96.0,98.0,100.0
PHL,"Net bilateral aid flows from DAC donors, Australia (current US$)",53930000.0,53619998.0,50990001.0,47400001.0
PHL,"Net bilateral aid flows from DAC donors, Austria (current US$)",3640000.0,610000.0,779999.0,639999.0
PHL,"Net bilateral aid flows from DAC donors, Belgium (current US$)",3140000.0,4909999.0,4590000.0,4369999.0
PHL,"Net bilateral aid flows from DAC donors, Canada (current US$)",10609999.0,10829999.0,8979999.0,10590000.0
PHL,"Net bilateral aid flows from DAC donors, Czechia (current US$)",100000.0,209999.0,289999.0,189999.0
PHL,"Net bilateral aid flows from DAC donors, Denmark (current US$)",-19999.0,330000.0,579999.0,720000.0
PHL,"Net bilateral aid flows from DAC donors, European Union institutions (current US$)",28280000.0,37619998.0,36479999.0,26629999.0
PHL,"Net bilateral aid flows from DAC donors, Finland (current US$)",649999.0,629999.0,620000.0,629999.0
PHL,"Net bilateral aid flows from DAC donors, France (current US$)",-11590000.0,106029998.0,-11319999.0,274679992.0
PHL,"Net bilateral aid flows from DAC donors, Germany (current US$)",34950000.0,14890000.0,30850000.0,31309999.0
PHL,"Net bilateral aid flows from DAC donors, Hungary (current US$)",39999.0,159999.0,409999.0,349999.0
PHL,"Net bilateral aid flows from DAC donors, Iceland (current US$)",140000.0,140000.0,29999.0,109999.0
PHL,"Net bilateral aid flows from DAC donors, Ireland (current US$)",189999.0,39999.0,119999.0,370000.0
PHL,"Net bilateral aid flows from DAC donors, Italy (current US$)",4530000.0,3880000.0,3200000.0,20409999.0
PHL,"Net bilateral aid flows from DAC donors, Japan (current US$)",-141710006.0,68489997.0,498470001.0,649409973.0
PHL,"Net bilateral aid flows from DAC donors, Korea, Rep. (current US$)",37430000.0,61330001.0,72959999.0,152770004.0
PHL,"Net bilateral aid flows from DAC donors, Lithuania (current US$)",9999.0,9999.0,0.0,0.0
PHL,"Net bilateral aid flows from DAC donors, Luxembourg (current US$)",1679999.0,639999.0,1009999.0,1620000.0
PHL,"Net bilateral aid flows from DAC donors, Netherlands (current US$)",569999.0,629999.0,610000.0,370000.0
PHL,"Net bilateral aid flows from DAC donors, New Zealand (current US$)",2269999.0,6349999.0,3049999.0,4989999.0
PHL,"Net bilateral aid flows from DAC donors, Norway (current US$)",2920000.0,939999.0,1669999.0,3480000.0
PHL,"Net bilateral aid flows from DAC donors, Poland (current US$)",0.0,79999.0,79999.0,129999.0
PHL,"Net bilateral aid flows from DAC donors, Spain (current US$)",2630000.0,889999.0,850000.0,1230000.0
PHL,"Net bilateral aid flows from DAC donors, Sweden (current US$)",7079999.0,6780000.0,5809999.0,5980000.0
PHL,"Net bilateral aid flows from DAC donors, Switzerland (current US$)",1570000.0,1299999.0,1070000.0,1559999.0
PHL,"Net bilateral aid flows from DAC donors, Total (current US$)",191540000.0,499799994.0,857860000.0,1402479968.0
PHL,"Net bilateral aid flows from DAC donors, United Kingdom (current US$)",9649999.0,13539999.0,17399999.0,24620000.0
PHL,"Net bilateral aid flows from DAC donors, United States (current US$)",138990005.0,104919998.0,128279998.0,137919998.0
PHL,"Net capital account (BoP, current US$)",69242704.0,64861889.0,126951662.0,63222186.0
PHL,Net domestic credit (current LCU),10476875195488.0,12034839343307.0,13318197764921.0,13942931484877.0
PHL,"Net errors and omissions (BoP, current US$)",-1587610064.0,-2826085535.0,2729034092.0,-2525581173.0
PHL,"Net financial account (BoP, current US$)",-3661336037.0,-11638271086.0,-190849492.0,9116029384.0
PHL,"Net financial flows, IBRD (NFL, current US$)",460499000.0,726326000.0,632029000.0,1658484000.0
PHL,"Net financial flows, IDA (NFL, current US$)",-17012000.0,-17217000.0,-16889000.0,-16987000.0
PHL,"Net financial flows, RDB concessional (NFL, current US$)",-96047000.0,-82567000.0,-47608000.0,-19708000.0
PHL,"Net financial flows, RDB nonconcessional (NFL, current US$)",126293000.0,401180000.0,577517000.0,4009410000.0
PHL,"Net financial flows, bilateral (NFL, current US$)",-365682415.0,-143237704.0,273229599.0,879518565.0
PHL,"Net financial flows, multilateral (NFL, current US$)",480889000.0,1045978000.0,1152693000.0,6384573000.0
PHL,"Net financial flows, others (NFL, current US$)",7155724.0,9624841.0,2873998.0,2434858.0
PHL,"Net flows on external debt, private nonguaranteed (PNG) (NFL, current US$)",-2194168000.0,1021173000.0,1060465000.0,3049941000.0
PHL,Net foreign assets (current LCU),4403155593690.0,4461032233073.0,4857890210004.0,6095824356050.0
PHL,"Net incurrence of liabilities, total (% of GDP)",3.0,2.0,2.0,11.0
PHL,"Net incurrence of liabilities, total (current LCU)",606040000000.0,505608000000.0,435666590000.0,2073148610000.0
PHL,Net lending (+) / net borrowing (-) (% of GDP),-2.0,-3.0,-3.0,-7.0
PHL,Net lending (+) / net borrowing (-) (current LCU),-350347000000.0,-565056320000.0,-640732660000.0,-1336997877000.0
PHL,Net migration,36111.0,-15371.0,-24066.0,-41937.0
PHL,Net official development assistance and official aid received (constant 2021 US$),187380004.0,579690002.0,917809997.0,1483920043.0
PHL,Net official development assistance and official aid received (current US$),160479995.0,547400024.0,886270019.0,1456359985.0
PHL,Net official development assistance received (constant 2021 US$),187380004.0,579690002.0,917809997.0,1483920043.0
PHL,Net official development assistance received (current US$),160479995.0,547400024.0,886270019.0,1456359985.0
PHL,"Net official flows from UN agencies, CERF (current US$)",2477273.0,5031710.0,3066075.0,3114000.0
PHL,"Net official flows from UN agencies, FAO (current US$)",542829.0,542829.0,798439.0,117348.0
PHL,"Net official flows from UN agencies, IAEA (current US$)",482831.0,390651.0,237063.0,181515.0
PHL,"Net official flows from UN agencies, IFAD (current US$)",10884613.0,5042009.0,7604685.0,8132975.0
PHL,"Net official flows from UN agencies, ILO (current US$)",1695940.0,2119485.0,2499880.0,2448479.0
PHL,"Net official flows from UN agencies, UNAIDS (current US$)",191400.0,156131.0,303087.0,303087.0
PHL,"Net official flows from UN agencies, UNDP (current US$)",713550.0,692014.0,618280.0,837875.0
PHL,"Net official flows from UN agencies, UNFPA (current US$)",2404077.0,2824170.0,3628283.0,4932280.0
PHL,"Net official flows from UN agencies, UNHCR (current US$)",2408819.0,484138.0,1133455.0,948358.0
PHL,"Net official flows from UN agencies, UNICEF (current US$)",2982000.0,5601493.0,4677999.0,2874000.0
PHL,"Net official flows from UN agencies, UNPBF (current US$)",964175.0,1439650.0,1769825.0,2099999.0
PHL,"Net official flows from UN agencies, WFP (current US$)",1312379.0,225227.0,2602370.0,1692824.0
PHL,"Net official flows from UN agencies, WHO (current US$)",1394721.0,801509.0,2716247.0,613448.0
PHL,"Net primary income (BoP, current US$)",3226177353.0,3668938544.0,5276244997.0,4101428652.0
PHL,Net primary income (Net income from abroad) (current LCU),1826528024900.0,1947158658000.0,1954197181100.0,1360426940000.0
PHL,Net primary income (Net income from abroad) (current US$),36237960708.0,36975043366.0,37728885787.0,27414644288.0
PHL,"Net secondary income (BoP, current US$)",26152507108.0,26818394340.0,27949100597.0,27385864713.0
PHL,Net secondary income (Net current transfers from abroad) (current LCU),1272425122900.0,1367791439500.0,1403490199900.0,1333893377200.0
PHL,Net secondary income (Net current transfers from abroad) (current US$),25244666919.0,25973306070.0,27096611318.0,26879953182.0
PHL,"Net trade in goods (BoP, current US$)",-40214789305.0,-50972497468.0,-49311547543.0,-33775273827.0
PHL,"Net trade in goods and services (BoP, current US$)",-31521653139.0,-39364380325.0,-36272180841.0,-19908904994.0
PHL,"New business density (new registrations per 1,000 people ages 15-64)",0.0,0.0,0.0,0.0
PHL,New businesses registered (number),24379.0,20092.0,21835.0,15161.0
PHL,Newborns protected against tetanus (%),90.0,90.0,90.0,91.0
PHL,Nitrous oxide emissions (thousand metric tons of CO2 equivalent),14449.0,13824.0,14320.0,14455.0
PHL,Nitrous oxide emissions in energy sector (thousand metric tons of CO2 equivalent),1359.0,1401.0,1456.0,1288.0
PHL,Number of deaths ages 10-14 years,4763.0,4775.0,4776.0,4772.0
PHL,Number of deaths ages 15-19 years,7803.0,7789.0,7806.0,7980.0
PHL,Number of deaths ages 20-24 years,11265.0,11191.0,11175.0,11363.0
PHL,Number of deaths ages 5-9 years,4989.0,4917.0,4834.0,4759.0
PHL,Number of infant deaths,52946.0,53567.0,54158.0,54508.0
PHL,Number of maternal deaths,2000.0,2000.0,2000.0,1900.0
PHL,Number of neonatal deaths,33315.0,34212.0,35067.0,35599.0
PHL,Number of under-five deaths,66889.0,67555.0,68214.0,68608.0
PHL,"Nurses and midwives (per 1,000 people)",4.0,4.0,4.0,4.0
PHL,"Official exchange rate (LCU per US$, period average)",50.0,52.0,51.0,49.0
PHL,Oil rents (% of GDP),0.0,0.0,0.0,0.0
PHL,Ores and metals exports (% of merchandise exports),5.0,4.0,5.0,6.0
PHL,Ores and metals imports (% of merchandise imports),3.0,2.0,1.0,1.0
PHL,Other expense (% of expense),0.0,0.0,0.0,0.0
PHL,Other expense (current LCU),8313000000.0,21593000000.0,27315000000.0,34306000000.0
PHL,Other manufacturing (% of value added in manufacturing),18.0,25.0,34.0,26.0
PHL,Other taxes (% of revenue),4.0,5.0,5.0,5.0
PHL,Other taxes (current LCU),100810000000.0,164159000000.0,172417280000.0,145702143000.0
PHL,Other taxes payable by businesses (% of commercial profits),14.0,14.0,14.0,14.0
PHL,Out-of-pocket expenditure (% of current health expenditure),50.0,50.0,48.0,44.0
PHL,Out-of-pocket expenditure per capita (current US$),61.0,64.0,69.0,74.0
PHL,"Out-of-pocket expenditure per capita, PPP (current international $)",159.0,171.0,185.0,189.0
PHL,"PM2.5 air pollution, mean annual exposure (micrograms per cubic meter)",18.0,18.0,18.0,18.0
PHL,"PNG, bonds (NFL, current US$)",-1250000000.0,1175000000.0,1850677000.0,2500000000.0
PHL,"PNG, commercial banks and other creditors (NFL, current US$)",-944168000.0,-153827000.0,-790212000.0,549941000.0
PHL,"PPG, IBRD (DOD, current US$)",5048115000.0,5775855000.0,6406977000.0,8067702000.0
PHL,"PPG, IDA (DOD, current US$)",84332000.0,66026000.0,48860000.0,32476000.0
PHL,"PPG, bonds (NFL, current US$)",370762000.0,1756536000.0,1047484000.0,4538411000.0
PHL,"PPG, commercial banks (NFL, current US$)",-42837000.0,-28471000.0,454688000.0,-113872000.0
PHL,"PPG, official creditors (NFL, US$)",115206308.0,902740137.0,1425922597.0,7264091424.0
PHL,"PPG, other private creditors (NFL, current US$)",-2225000.0,-2219000.0,-2248000.0,-2295000.0
PHL,"PPG, private creditors (NFL, US$)",325700000.0,1725845000.0,1499924000.0,4422244000.0
PHL,"PPP conversion factor, GDP (LCU per international $)",19.0,19.0,19.0,19.0
PHL,"PPP conversion factor, private consumption (LCU per international $)",20.0,20.0,20.0,20.0
PHL,"Part time employment, female (% of total female employment)",30.0,29.0,28.0,39.0
PHL,"Part time employment, male (% of total male employment)",29.0,25.0,25.0,39.0
PHL,"Part time employment, total (% of total employment)",29.0,27.0,26.0,39.0
PHL,"Patent applications, nonresidents",3072.0,3771.0,3879.0,3517.0
PHL,"Patent applications, residents",323.0,529.0,501.0,476.0
PHL,People practicing open defecation (% of population),4.0,4.0,4.0,3.0
PHL,"People practicing open defecation, rural (% of rural population)",7.0,6.0,5.0,5.0
PHL,"People practicing open defecation, urban (% of urban population)",2.0,2.0,2.0,1.0
PHL,People using at least basic drinking water services (% of population),92.0,93.0,93.0,94.0
PHL,"People using at least basic drinking water services, rural (% of rural population)",89.0,89.0,90.0,91.0
PHL,"People using at least basic drinking water services, urban (% of urban population)",96.0,96.0,97.0,97.0
PHL,People using at least basic sanitation services (% of population),78.0,80.0,81.0,82.0
PHL,"People using at least basic sanitation services, rural (% of rural population)",77.0,78.0,80.0,82.0
PHL,"People using at least basic sanitation services, urban (% of urban population)",81.0,81.0,82.0,82.0
PHL,People using safely managed drinking water services (% of population),46.0,46.0,47.0,47.0
PHL,"People using safely managed drinking water services, rural (% of rural population)",33.0,34.0,34.0,34.0
PHL,"People using safely managed drinking water services, urban (% of urban population)",61.0,61.0,61.0,61.0
PHL,People using safely managed sanitation services (% of population),57.0,58.0,59.0,60.0
PHL,"People using safely managed sanitation services, rural (% of rural population)",61.0,63.0,64.0,65.0
PHL,"People using safely managed sanitation services, urban (% of urban population)",53.0,53.0,54.0,55.0
PHL,People with basic handwashing facilities including soap and water (% of population),81.0,81.0,81.0,81.0
PHL,"People with basic handwashing facilities including soap and water, rural (% of rural population)",78.0,78.0,78.0,78.0
PHL,"People with basic handwashing facilities including soap and water, urban (% of urban population)",85.0,85.0,85.0,85.0
PHL,Permanent cropland (% of land area),18.0,18.0,18.0,18.0
PHL,"Persistence to grade 5, female (% of cohort)",99.0,99.0,98.0,98.0
PHL,"Persistence to grade 5, male (% of cohort)",97.0,97.0,96.0,96.0
PHL,"Persistence to grade 5, total (% of cohort)",98.0,98.0,97.0,97.0
PHL,"Persistence to last grade of primary, female (% of cohort)",98.0,98.0,97.0,97.0
PHL,"Persistence to last grade of primary, male (% of cohort)",95.0,95.0,95.0,95.0
PHL,"Persistence to last grade of primary, total (% of cohort)",96.0,96.0,96.0,96.0
PHL,"Personal remittances, paid (current US$)",246211590.0,258523555.0,225723157.0,211194462.0
PHL,"Personal remittances, received (% of GDP)",9.0,9.0,9.0,9.0
PHL,"Personal remittances, received (current US$)",32809770433.0,33808967986.0,35167471832.0,34882844550.0
PHL,"Personal transfers, receipts (BoP, current US$)",24883904300.0,25521168535.0,26340588218.0,26333843114.0
PHL,"Physicians (per 1,000 people)",0.0,0.0,0.0,0.0
PHL,Political Stability and Absence of Violence/Terrorism: Estimate,-1.0,-1.0,0.0,0.0
PHL,Political Stability and Absence of Violence/Terrorism: Number of Sources,9.0,9.0,8.0,7.0
PHL,Political Stability and Absence of Violence/Terrorism: Percentile Rank,11.0,12.0,16.0,19.0
PHL,"Political Stability and Absence of Violence/Terrorism: Percentile Rank, Lower Bound of 90% Confidence Interval",8.0,8.0,11.0,12.0
PHL,"Political Stability and Absence of Violence/Terrorism: Percentile Rank, Upper Bound of 90% Confidence Interval",17.0,19.0,25.0,33.0
PHL,Political Stability and Absence of Violence/Terrorism: Standard Error,0.0,0.0,0.0,0.0
PHL,Population ages 0-14 (% of total population),31.0,31.0,31.0,30.0
PHL,"Population ages 0-14, female",16438212.0,16546194.0,16647020.0,16740684.0
PHL,"Population ages 0-14, female (% of female population)",31.0,30.0,30.0,30.0
PHL,"Population ages 0-14, male",17634122.0,17759554.0,17872735.0,17972524.0
PHL,"Population ages 0-14, male (% of male population)",32.0,32.0,31.0,31.0
PHL,"Population ages 0-14, total",34072333.0,34305748.0,34519754.0,34713208.0
PHL,"Population ages 00-04, female (% of female population)",10.0,10.0,10.0,10.0
PHL,"Population ages 00-04, male (% of male population)",11.0,11.0,10.0,10.0
PHL,"Population ages 05-09, female (% of female population)",10.0,10.0,10.0,10.0
PHL,"Population ages 05-09, male (% of male population)",10.0,10.0,10.0,10.0
PHL,"Population ages 10-14, female (% of female population)",10.0,10.0,9.0,9.0
PHL,"Population ages 10-14, male (% of male population)",10.0,10.0,10.0,10.0
PHL,"Population ages 15-19, female (% of female population)",9.0,9.0,9.0,9.0
PHL,"Population ages 15-19, male (% of male population)",9.0,9.0,9.0,9.0
PHL,Population ages 15-64 (% of total population),63.0,63.0,63.0,63.0
PHL,"Population ages 15-64, female",33249437.0,33914892.0,34566044.0,35212766.0
PHL,"Population ages 15-64, female (% of female population)",63.0,63.0,63.0,63.0
PHL,"Population ages 15-64, male",34272274.0,34988895.0,35695900.0,36406181.0
PHL,"Population ages 15-64, male (% of male population)",63.0,63.0,63.0,63.0
PHL,"Population ages 15-64, total",67521710.0,68903788.0,70261944.0,71618946.0
PHL,"Population ages 20-24, female (% of female population)",9.0,9.0,9.0,9.0
PHL,"Population ages 20-24, male (% of male population)",9.0,9.0,9.0,9.0
PHL,"Population ages 25-29, female (% of female population)",8.0,8.0,8.0,8.0
PHL,"Population ages 25-29, male (% of male population)",8.0,8.0,8.0,8.0
PHL,"Population ages 30-34, female (% of female population)",7.0,7.0,7.0,7.0
PHL,"Population ages 30-34, male (% of male population)",7.0,7.0,7.0,7.0
PHL,"Population ages 35-39, female (% of female population)",6.0,6.0,6.0,6.0
PHL,"Population ages 35-39, male (% of male population)",6.0,6.0,6.0,6.0
PHL,"Population ages 40-44, female (% of female population)",5.0,5.0,5.0,5.0
PHL,"Population ages 40-44, male (% of male population)",5.0,5.0,6.0,6.0
PHL,"Population ages 45-49, female (% of female population)",5.0,5.0,5.0,5.0
PHL,"Population ages 45-49, male (% of male population)",5.0,5.0,5.0,5.0
PHL,"Population ages 50-54, female (% of female population)",4.0,4.0,4.0,4.0
PHL,"Population ages 50-54, male (% of male population)",4.0,4.0,4.0,4.0
PHL,"Population ages 55-59, female (% of female population)",3.0,3.0,3.0,3.0
PHL,"Population ages 55-59, male (% of male population)",3.0,3.0,3.0,3.0
PHL,"Population ages 60-64, female (% of female population)",3.0,3.0,3.0,3.0
PHL,"Population ages 60-64, male (% of male population)",2.0,2.0,2.0,2.0
PHL,Population ages 65 and above (% of total population),4.0,4.0,5.0,5.0
PHL,"Population ages 65 and above, female",2929300.0,3035729.0,3156608.0,3289583.0
PHL,"Population ages 65 and above, female (% of female population)",5.0,5.0,5.0,5.0
PHL,"Population ages 65 and above, male",2215158.0,2323571.0,2442499.0,2569240.0
PHL,"Population ages 65 and above, male (% of male population)",4.0,4.0,4.0,4.0
PHL,"Population ages 65 and above, total",5144457.0,5359300.0,5599106.0,5858823.0
PHL,"Population ages 65-69, female (% of female population)",2.0,2.0,2.0,2.0
PHL,"Population ages 65-69, male (% of male population)",1.0,1.0,1.0,2.0
PHL,"Population ages 70-74, female (% of female population)",1.0,1.0,1.0,1.0
PHL,"Population ages 70-74, male (% of male population)",1.0,1.0,1.0,1.0
PHL,"Population ages 75-79, female (% of female population)",0.0,0.0,0.0,0.0
PHL,"Population ages 75-79, male (% of male population)",0.0,0.0,0.0,0.0
PHL,"Population ages 80 and above, female (% of female population)",0.0,0.0,0.0,0.0
PHL,"Population ages 80 and above, male (% of male population)",0.0,0.0,0.0,0.0
PHL,Population density (people per sq. km of land area),357.0,364.0,370.0,376.0
PHL,Population growth (annual %),1.0,1.0,1.0,1.0
PHL,Population in largest city,13271721.0,13482468.0,13698889.0,13923452.0
PHL,Population in the largest city (% of urban population),26.0,26.0,26.0,26.0
PHL,Population in urban agglomerations of more than 1 million,14977445.0,15227448.0,15483831.0,15748902.0
PHL,Population in urban agglomerations of more than 1 million (% of total population),14.0,14.0,14.0,14.0
PHL,Population living in slums (% of urban population),37.0,37.0,36.0,36.0
PHL,"Population, female",52616948.0,53496816.0,54369671.0,55243033.0
PHL,"Population, female (% of total population)",49.0,49.0,49.0,49.0
PHL,"Population, male",54121554.0,55072020.0,56011134.0,56947945.0
PHL,"Population, male (% of total population)",50.0,50.0,50.0,50.0
PHL,"Population, total",106738501.0,108568836.0,110380804.0,112190977.0
PHL,"Portfolio equity, net inflows (BoP, current US$)",495746837.0,-1031400031.0,1763918173.0,-2541024579.0
PHL,"Portfolio investment, bonds (PPG + PNG) (NFL, current US$)",-879238000.0,2931536000.0,2898161000.0,7038411000.0
PHL,"Portfolio investment, net (BoP, current US$)",2454355418.0,1447844569.0,-2473905671.0,-1679733365.0
PHL,"Preprimary education, duration (years)",1.0,1.0,1.0,1.0
PHL,"Prevalence of HIV, female (% ages 15-24)",0.0,0.0,0.0,0.0
PHL,"Prevalence of HIV, male (% ages 15-24)",0.0,0.0,0.0,0.0
PHL,"Prevalence of HIV, total (% of population ages 15-49)",0.0,0.0,0.0,0.0
PHL,Prevalence of anemia among children (% of children ages 6-59 months),14.0,13.0,13.0,13.0
PHL,Prevalence of anemia among non-pregnant women (% of women ages 15-49),12.0,12.0,11.0,11.0
PHL,Prevalence of anemia among pregnant women (%),27.0,26.0,25.0,25.0
PHL,Prevalence of anemia among women of reproductive age (% of women ages 15-49),13.0,12.0,12.0,12.0
PHL,Prevalence of current tobacco use (% of adults),23.0,23.0,23.0,22.0
PHL,"Prevalence of current tobacco use, females (% of female adults)",6.0,6.0,6.0,6.0
PHL,"Prevalence of current tobacco use, males (% of male adults)",40.0,40.0,40.0,39.0
PHL,Prevalence of moderate or severe food insecurity in the population (%),41.0,41.0,42.0,43.0
PHL,"Prevalence of overweight (modeled estimate, % of children under 5)",4.0,4.0,4.0,4.0
PHL,"Prevalence of overweight, weight for height (% of children under 5)",3.0,3.0,2.0,2.0
PHL,"Prevalence of overweight, weight for height, female (% of children under 5)",3.0,3.0,2.0,2.0
PHL,"Prevalence of overweight, weight for height, male (% of children under 5)",3.0,3.0,3.0,3.0
PHL,Prevalence of severe food insecurity in the population (%),3.0,3.0,4.0,4.0
PHL,"Prevalence of severe wasting, weight for height (% of children under 5)",0.0,0.0,0.0,0.0
PHL,"Prevalence of severe wasting, weight for height, female (% of children under 5)",0.0,0.0,0.0,0.0
PHL,"Prevalence of severe wasting, weight for height, male (% of children under 5)",1.0,1.0,1.0,1.0
PHL,"Prevalence of stunting, height for age (% of children under 5)",29.0,29.0,28.0,28.0
PHL,"Prevalence of stunting, height for age (modeled estimate, % of children under 5)",30.0,30.0,30.0,29.0
PHL,"Prevalence of stunting, height for age, female (% of children under 5)",29.0,29.0,27.0,27.0
PHL,"Prevalence of stunting, height for age, male (% of children under 5)",30.0,30.0,29.0,29.0
PHL,Prevalence of undernourishment (% of population),6.0,5.0,5.0,5.0
PHL,"Prevalence of underweight, weight for age (% of children under 5)",19.0,19.0,18.0,18.0
PHL,"Prevalence of underweight, weight for age, female (% of children under 5)",19.0,19.0,19.0,19.0
PHL,"Prevalence of underweight, weight for age, male (% of children under 5)",18.0,18.0,18.0,18.0
PHL,"Prevalence of wasting, weight for height (% of children under 5)",5.0,5.0,5.0,5.0
PHL,"Prevalence of wasting, weight for height, female (% of children under 5)",4.0,4.0,5.0,5.0
PHL,"Prevalence of wasting, weight for height, male (% of children under 5)",6.0,6.0,6.0,6.0
PHL,Price level ratio of PPP conversion factor (GDP) to market exchange rate,0.0,0.0,0.0,0.0
PHL,"Primary completion rate, female (% of relevant age group)",105.0,109.0,101.0,99.0
PHL,"Primary completion rate, male (% of relevant age group)",103.0,111.0,100.0,96.0
PHL,"Primary completion rate, total (% of relevant age group)",104.0,110.0,101.0,98.0
PHL,"Primary education, duration (years)",6.0,6.0,6.0,6.0
PHL,"Primary education, pupils",14039867.0,13418841.0,13195088.0,13214472.0
PHL,"Primary education, teachers",482743.0,495636.0,514231.0,524646.0
PHL,"Primary education, teachers (% female)",87.0,87.0,87.0,87.0
PHL,Primary government expenditures as a proportion of original approved budget (%),98.0,93.0,93.0,93.0
PHL,"Primary income payments (BoP, current US$)",7357197138.0,8330225955.0,8125395147.0,7492091761.0
PHL,"Primary income receipts (BoP, current US$)",10583374491.0,11999164499.0,13401640145.0,11593520413.0
PHL,Primary school starting age (years),6.0,6.0,6.0,6.0
PHL,Private credit bureau coverage (% of adults),10.0,12.0,13.0,13.0
PHL,"Probability of dying among adolescents ages 10-14 years (per 1,000)",2.0,2.0,2.0,2.0
PHL,"Probability of dying among adolescents ages 15-19 years (per 1,000)",3.0,3.0,3.0,3.0
PHL,"Probability of dying among children ages 5-9 years (per 1,000)",2.0,2.0,2.0,2.0
PHL,"Probability of dying among youth ages 20-24 years (per 1,000)",5.0,5.0,5.0,5.0
PHL,Procedures to build a warehouse (number),23.0,23.0,22.0,22.0
PHL,Procedures to register property (number),9.0,9.0,9.0,9.0
PHL,Profit tax (% of commercial profits),20.0,20.0,20.0,20.0
PHL,Proportion of seats held by women in national parliaments (%),29.0,29.0,27.0,27.0
PHL,Public and publicly guaranteed debt service (% of GNI),1.0,1.0,1.0,1.0
PHL,"Public and publicly guaranteed debt service (% of exports of goods, services and primary income)",5.0,4.0,6.0,6.0
PHL,Public credit registry coverage (% of adults),0.0,0.0,0.0,0.0
PHL,Public private partnerships investment in energy (current US$),1700000000.0,19120000.0,52500000.0,59610000.0
PHL,Public private partnerships investment in transport (current US$),53550000.0,893400000.0,1733250000.0,1733250000.0
PHL,Public private partnerships investment in water and sanitation (current US$),18960000.0,18960000.0,32070000.0,32070000.0
PHL,Ratio of female to male labor force participation rate (%) (modeled ILO estimate),61.0,62.0,64.0,63.0
PHL,Ratio of female to male labor force participation rate (%) (national estimate),61.0,62.0,64.0,63.0
PHL,Real effective exchange rate index (2010 = 100),103.0,100.0,105.0,111.0
PHL,Real interest rate (%),3.0,2.0,6.0,6.0
PHL,Refugee population by country or territory of asylum,512.0,631.0,680.0,709.0
PHL,Refugee population by country or territory of origin,445.0,522.0,554.0,469.0
PHL,Regulatory Quality: Estimate,0.0,0.0,0.0,0.0
PHL,Regulatory Quality: Number of Sources,10.0,10.0,10.0,9.0
PHL,Regulatory Quality: Percentile Rank,59.0,56.0,60.0,57.0
PHL,"Regulatory Quality: Percentile Rank, Lower Bound of 90% Confidence Interval",44.0,41.0,44.0,43.0
PHL,"Regulatory Quality: Percentile Rank, Upper Bound of 90% Confidence Interval",69.0,63.0,65.0,65.0
PHL,Regulatory Quality: Standard Error,0.0,0.0,0.0,0.0
PHL,Renewable energy consumption (% of total final energy consumption),27.0,27.0,26.0,29.0
PHL,Renewable internal freshwater resources per capita (cubic meters),4487.0,4411.0,4339.0,4269.0
PHL,"Renewable internal freshwater resources, total (billion cubic meters)",479.0,479.0,479.0,479.0
PHL,"Reserves and related items (BoP, current US$)",-862390029.0,-2304520425.0,7844964264.0,16022409729.0
PHL,"Revenue, excluding grants (% of GDP)",14.0,15.0,16.0,15.0
PHL,"Revenue, excluding grants (current LCU)",2472262000000.0,2834474680000.0,3136356340000.0,2855243463000.0
PHL,Risk of catastrophic expenditure for surgical care (% of people at risk),27.0,24.0,24.0,25.0
PHL,Risk of impoverishing expenditure for surgical care (% of people at risk),32.0,29.0,30.0,33.0
PHL,"Risk premium on lending (lending rate minus treasury bill rate, %)",3.0,2.0,2.0,2.0
PHL,Rule of Law: Estimate,0.0,0.0,0.0,0.0
PHL,Rule of Law: Number of Sources,12.0,12.0,12.0,11.0
PHL,Rule of Law: Percentile Rank,32.0,31.0,29.0,28.0
PHL,"Rule of Law: Percentile Rank, Lower Bound of 90% Confidence Interval",22.0,21.0,21.0,19.0
PHL,"Rule of Law: Percentile Rank, Upper Bound of 90% Confidence Interval",45.0,41.0,43.0,38.0
PHL,Rule of Law: Standard Error,0.0,0.0,0.0,0.0
PHL,Rural population,56910834.0,57642452.0,58337359.0,59003479.0
PHL,Rural population (% of total population),53.0,53.0,52.0,52.0
PHL,Rural population growth (annual %),1.0,1.0,1.0,1.0
PHL,S&P Global Equity Indices (annual % change),22.0,-16.0,7.0,-3.0
PHL,"School enrollment, preprimary (% gross)",80.0,99.0,105.0,88.0
PHL,"School enrollment, preprimary, female (% gross)",78.0,98.0,104.0,87.0
PHL,"School enrollment, preprimary, male (% gross)",82.0,101.0,105.0,90.0
PHL,"School enrollment, primary (% gross)",103.0,98.0,95.0,95.0
PHL,"School enrollment, primary (gross), gender parity index (GPI)",0.0,0.0,0.0,0.0
PHL,"School enrollment, primary and secondary (gross), gender parity index (GPI)",1.0,1.0,1.0,1.0
PHL,"School enrollment, primary, female (% gross)",102.0,97.0,95.0,95.0
PHL,"School enrollment, primary, male (% gross)",103.0,98.0,96.0,95.0
PHL,"School enrollment, primary, private (% of total primary)",8.0,8.0,9.0,9.0
PHL,"School enrollment, secondary (% gross)",84.0,82.0,87.0,89.0
PHL,"School enrollment, secondary (gross), gender parity index (GPI)",1.0,1.0,1.0,1.0
PHL,"School enrollment, secondary, female (% gross)",88.0,86.0,91.0,93.0
PHL,"School enrollment, secondary, male (% gross)",80.0,77.0,83.0,85.0
PHL,"School enrollment, secondary, private (% of total secondary)",24.0,24.0,24.0,23.0
PHL,"School enrollment, tertiary (% gross)",35.0,29.0,31.0,32.0
PHL,"School enrollment, tertiary (gross), gender parity index (GPI)",1.0,1.0,1.0,1.0
PHL,"School enrollment, tertiary, female (% gross)",40.0,33.0,35.0,37.0
PHL,"School enrollment, tertiary, male (% gross)",30.0,25.0,27.0,28.0
PHL,Scientific and technical journal articles,1938.0,2105.0,3457.0,3071.0
PHL,"Secondary education, duration (years)",5.0,6.0,6.0,6.0
PHL,"Secondary education, pupils",9007148.0,10562477.0,11346712.0,11696280.0
PHL,"Secondary education, teachers",377174.0,421823.0,450760.0,474605.0
PHL,"Secondary education, teachers (% female)",71.0,70.0,70.0,70.0
PHL,"Secondary education, teachers, female",269464.0,298226.0,318176.0,335433.0
PHL,"Secondary income receipts (BoP, current US$)",26897160479.0,27606742416.0,28746248149.0,28240066066.0
PHL,"Secondary income, other sectors, payments (BoP, current US$)",677327425.0,759367592.0,760429111.0,815076601.0
PHL,Secure Internet servers,9239.0,9903.0,12035.0,12444.0
PHL,Secure Internet servers (per 1 million people),86.0,91.0,109.0,110.0
PHL,"Self-employed, female (% of female employment) (modeled ILO estimate)",41.0,39.0,39.0,41.0
PHL,"Self-employed, male (% of male employment) (modeled ILO estimate)",35.0,34.0,33.0,35.0
PHL,"Self-employed, total (% of total employment) (modeled ILO estimate)",37.0,36.0,36.0,37.0
PHL,"Service exports (BoP, current US$)",34831647256.0,38397082673.0,41264018636.0,31822200319.0
PHL,"Service imports (BoP, current US$)",26138511091.0,26788965530.0,28224651933.0,17955831486.0
PHL,"Services, value added (% of GDP)",59.0,59.0,60.0,61.0
PHL,"Services, value added (annual % growth)",7.0,6.0,7.0,-9.0
PHL,"Services, value added (constant 2015 US$)",208267346406.0,222309992787.0,238412703274.0,216652280090.0
PHL,"Services, value added (constant LCU)",10230262209000.0,10920048472000.0,11711026767000.0,10642137002000.0
PHL,"Services, value added (current LCU)",9882747035300.0,10920048472000.0,11877042960000.0,11024917868000.0
PHL,"Services, value added (current US$)",196071778735.0,207363310719.0,229305211198.0,222168638961.0
PHL,"Services, value added per worker (constant 2015 US$)",8835.0,9175.0,9320.0,9203.0
PHL,Sex ratio at birth (male births per female births),1.0,1.0,1.0,1.0
PHL,"Share of tariff lines with international peaks, all products (%)",11.0,3.0,3.0,3.0
PHL,"Share of tariff lines with international peaks, manufactured products (%)",11.0,3.0,3.0,3.0
PHL,"Share of tariff lines with international peaks, primary products (%)",12.0,5.0,4.0,4.0
PHL,"Share of tariff lines with specific rates, all products (%)",0.0,0.0,0.0,0.0
PHL,"Share of tariff lines with specific rates, manufactured products (%)",0.0,0.0,0.0,0.0
PHL,"Share of tariff lines with specific rates, primary products (%)",0.0,0.0,0.0,0.0
PHL,"Share of youth not in education, employment or training, female (% of female youth population)",28.0,25.0,24.0,24.0
PHL,"Share of youth not in education, employment or training, female (% of female youth population) (modeled ILO estimate)",28.0,25.0,23.0,24.0
PHL,"Share of youth not in education, employment or training, male (% of male youth population)",15.0,14.0,13.0,17.0
PHL,"Share of youth not in education, employment or training, male (% of male youth population)  (modeled ILO estimate)",15.0,14.0,13.0,17.0
PHL,"Share of youth not in education, employment or training, total (% of youth population)",21.0,19.0,18.0,21.0
PHL,"Share of youth not in education, employment or training, total (% of youth population)  (modeled ILO estimate)",21.0,19.0,18.0,21.0
PHL,"Short-term debt (% of exports of goods, services and primary income)",14.0,15.0,15.0,15.0
PHL,Short-term debt (% of total external debt),19.0,20.0,20.0,14.0
PHL,Short-term debt (% of total reserves),17.0,20.0,19.0,12.0
PHL,Start-up procedures to register a business (number),17.0,14.0,13.0,13.0
PHL,"Start-up procedures to register a business, female (number)",17.0,14.0,13.0,13.0
PHL,"Start-up procedures to register a business, male (number)",17.0,14.0,13.0,13.0
PHL,Statistical performance indicators (SPI): Overall score (scale 0-100),74.0,75.0,75.0,79.0
PHL,Statistical performance indicators (SPI): Pillar 1 data use score (scale 0-100),100.0,100.0,100.0,100.0
PHL,Statistical performance indicators (SPI): Pillar 2 data services score (scale 0-100),90.0,88.0,88.0,93.0
PHL,Statistical performance indicators (SPI): Pillar 3 data products score  (scale 0-100),72.0,75.0,75.0,78.0
PHL,Statistical performance indicators (SPI): Pillar 4 data sources score (scale 0-100),80.0,80.0,80.0,85.0
PHL,Statistical performance indicators (SPI): Pillar 5 data infrastructure score (scale 0-100),30.0,35.0,35.0,40.0
PHL,"Stocks traded, total value (% of GDP)",10.0,8.0,7.0,9.0
PHL,"Stocks traded, total value (current US$)",33804496728.0,29213840000.0,29994650000.0,32738060000.0
PHL,"Stocks traded, turnover ratio of domestic shares (%)",11.0,11.0,10.0,12.0
PHL,Strength of legal rights index (0=weak to 12=strong),1.0,1.0,1.0,1.0
PHL,Subsidies and other transfers (% of expense),29.0,27.0,28.0,29.0
PHL,Subsidies and other transfers (current LCU),661238000000.0,712302000000.0,819520000000.0,1033564000000.0
PHL,"Suicide mortality rate (per 100,000 population)",2.0,2.0,2.0,2.0
PHL,"Suicide mortality rate, female (per 100,000 female population)",1.0,1.0,1.0,1.0
PHL,"Suicide mortality rate, male (per 100,000 male population)",3.0,3.0,3.0,3.0
PHL,Surface area (sq. km),300000.0,300000.0,300000.0,300000.0
PHL,"Survival to age 65, female (% of cohort)",80.0,80.0,81.0,81.0
PHL,"Survival to age 65, male (% of cohort)",72.0,73.0,73.0,74.0
PHL,"Tariff rate, applied, simple mean, all products (%)",3.0,4.0,3.0,3.0
PHL,"Tariff rate, applied, simple mean, manufactured products (%)",3.0,3.0,3.0,3.0
PHL,"Tariff rate, applied, simple mean, primary products (%)",4.0,5.0,4.0,4.0
PHL,"Tariff rate, applied, weighted mean, all products (%)",1.0,2.0,1.0,1.0
PHL,"Tariff rate, applied, weighted mean, manufactured products (%)",1.0,1.0,1.0,1.0
PHL,"Tariff rate, applied, weighted mean, primary products (%)",2.0,4.0,4.0,4.0
PHL,"Tariff rate, most favored nation, simple mean, all products (%)",6.0,6.0,6.0,6.0
PHL,"Tariff rate, most favored nation, simple mean, manufactured products (%)",5.0,5.0,5.0,5.0
PHL,"Tariff rate, most favored nation, simple mean, primary products (%)",7.0,7.0,7.0,7.0
PHL,"Tariff rate, most favored nation, weighted mean, all products (%)",5.0,7.0,5.0,5.0
PHL,"Tariff rate, most favored nation, weighted mean, manufactured products (%)",5.0,6.0,5.0,5.0
PHL,"Tariff rate, most favored nation, weighted mean, primary products (%)",5.0,10.0,8.0,8.0
PHL,Tax payments (number),19.0,13.0,13.0,13.0
PHL,Tax revenue (% of GDP),13.0,14.0,14.0,13.0
PHL,Tax revenue (current LCU),2250677000000.0,2565808680000.0,2827840340000.0,2504421463000.0
PHL,Taxes on goods and services (% of revenue),26.0,27.0,27.0,27.0
PHL,Taxes on goods and services (% value added of industry and services),4.0,4.0,4.0,4.0
PHL,Taxes on goods and services (current LCU),666439000000.0,773158000000.0,860410420000.0,775508230000.0
PHL,"Taxes on income, profits and capital gains (% of revenue)",41.0,36.0,37.0,36.0
PHL,"Taxes on income, profits and capital gains (% of total taxes)",45.0,40.0,41.0,41.0
PHL,"Taxes on income, profits and capital gains (current LCU)",1025244000000.0,1035380680000.0,1164702640000.0,1045524090000.0
PHL,Taxes on international trade (% of revenue),18.0,20.0,20.0,18.0
PHL,Taxes on international trade (current LCU),458184000000.0,593111000000.0,630310000000.0,537687000000.0
PHL,"Technical cooperation grants (BoP, current US$)",137980000.0,253510000.0,182150000.0,162430000.0
PHL,Terms of trade adjustment (constant LCU),179349366530.0,0.0,-163415270629.0,-47353678245.0
PHL,Terrestrial and marine protected areas (% of total territorial area),3.0,3.0,3.0,3.0
PHL,Terrestrial protected areas (% of total land area),15.0,15.0,15.0,15.0
PHL,"Tertiary education, academic staff (% female)",51.0,49.0,51.0,51.0
PHL,Textiles and clothing (% of value added in manufacturing),3.0,3.0,2.0,1.0
PHL,Time required to build a warehouse (days),122.0,122.0,120.0,120.0
PHL,Time required to enforce a contract (days),962.0,962.0,962.0,962.0
PHL,Time required to get electricity (days),37.0,37.0,37.0,37.0
PHL,Time required to register property (days),35.0,35.0,35.0,35.0
PHL,Time required to start a business (days),39.0,34.0,33.0,33.0
PHL,"Time required to start a business, female (days)",39.0,34.0,33.0,33.0
PHL,"Time required to start a business, male (days)",39.0,34.0,33.0,33.0
PHL,"Time to export, border compliance (hours)",42.0,42.0,42.0,42.0
PHL,"Time to export, documentary compliance (hours)",36.0,36.0,36.0,36.0
PHL,"Time to import, border compliance (hours)",72.0,120.0,120.0,120.0
PHL,"Time to import, documentary compliance (hours)",96.0,96.0,96.0,96.0
PHL,Time to prepare and pay taxes (hours),182.0,181.0,171.0,171.0
PHL,Time to resolve insolvency (years),2.0,2.0,2.0,2.0
PHL,"Total alcohol consumption per capita (liters of pure alcohol, projected estimates, 15+ years of age)",6.0,6.0,6.0,5.0
PHL,"Total alcohol consumption per capita, female (liters of pure alcohol, projected estimates, female 15+ years of age)",2.0,2.0,2.0,2.0
PHL,"Total alcohol consumption per capita, male (liters of pure alcohol, projected estimates, male 15+ years of age)",9.0,9.0,9.0,9.0
PHL,Total debt service (% of GNI),3.0,2.0,2.0,2.0
PHL,"Total debt service (% of exports of goods, services and primary income)",11.0,8.0,9.0,10.0
PHL,Total fisheries production (metric tons),4126941.0,4126424.0,4189087.0,4237749.0
PHL,Total greenhouse gas emissions (kt of CO2 equivalent),221322.0,227857.0,235302.0,224971.0
PHL,Total natural resources rents (% of GDP),0.0,0.0,0.0,0.0
PHL,Total reserves (% of total external debt),111.0,100.0,107.0,111.0
PHL,"Total reserves (includes gold, current US$)",81413504334.0,79195598849.0,89515298355.0,109990274218.0
PHL,Total reserves in months of imports,7.0,6.0,7.0,12.0
PHL,Total reserves minus gold (current US$),73228467060.0,71039872169.0,79823656328.0,98512083712.0
PHL,Total tax and contribution rate (% of profit),42.0,42.0,43.0,43.0
PHL,Trade (% of GDP),68.0,72.0,68.0,58.0
PHL,Trade in services (% of GDP),18.0,18.0,18.0,13.0
PHL,"Trademark applications, nonresident, by count",24635.0,26324.0,28570.0,25768.0
PHL,"Trademark applications, resident, by count",26922.0,30853.0,34097.0,30935.0
PHL,Trained teachers in lower secondary education (% of total teachers),100.0,100.0,100.0,100.0
PHL,"Trained teachers in lower secondary education, female (% of female teachers)",100.0,100.0,100.0,100.0
PHL,"Trained teachers in lower secondary education, male (% of male teachers)",100.0,100.0,100.0,100.0
PHL,Trained teachers in preprimary education (% of total teachers),100.0,100.0,100.0,100.0
PHL,"Trained teachers in preprimary education, female (% of female teachers)",100.0,100.0,100.0,100.0
PHL,"Trained teachers in preprimary education, male (% of male teachers)",100.0,100.0,100.0,100.0
PHL,Trained teachers in primary education (% of total teachers),100.0,100.0,100.0,100.0
PHL,"Trained teachers in primary education, female (% of female teachers)",100.0,100.0,100.0,100.0
PHL,"Trained teachers in primary education, male (% of male teachers)",100.0,100.0,100.0,100.0
PHL,Trained teachers in secondary education (% of total teachers),100.0,100.0,100.0,100.0
PHL,"Trained teachers in secondary education, female (% of female teachers)",100.0,100.0,100.0,100.0
PHL,"Trained teachers in secondary education, male (% of male teachers)",100.0,100.0,100.0,100.0
PHL,Trained teachers in upper secondary education (% of total teachers),100.0,100.0,100.0,100.0
PHL,"Trained teachers in upper secondary education, female (% of female teachers)",100.0,100.0,100.0,100.0
PHL,"Trained teachers in upper secondary education, male (% of male teachers)",100.0,100.0,100.0,100.0
PHL,Transport services (% of commercial service exports),7.0,7.0,6.0,5.0
PHL,Transport services (% of commercial service imports),19.0,20.0,18.0,23.0
PHL,"Transport services (% of service exports, BoP)",7.0,7.0,6.0,5.0
PHL,"Transport services (% of service imports, BoP)",19.0,19.0,18.0,23.0
PHL,Travel services (% of commercial service exports),20.0,21.0,23.0,5.0
PHL,Travel services (% of commercial service imports),45.0,45.0,43.0,23.0
PHL,"Travel services (% of service exports, BoP)",20.0,21.0,23.0,5.0
PHL,"Travel services (% of service imports, BoP)",45.0,44.0,42.0,22.0
PHL,"Tuberculosis case detection rate (%, all forms)",54.0,62.0,67.0,42.0
PHL,Tuberculosis treatment success rate (% of new cases),91.0,83.0,86.0,76.0
PHL,UHC service coverage index,60.0,60.0,60.0,60.0
PHL,"Unemployment, female (% of female labor force) (modeled ILO estimate)",2.0,2.0,2.0,2.0
PHL,"Unemployment, female (% of female labor force) (national estimate)",2.0,2.0,2.0,2.0
PHL,"Unemployment, male (% of male labor force) (modeled ILO estimate)",2.0,2.0,2.0,2.0
PHL,"Unemployment, male (% of male labor force) (national estimate)",2.0,2.0,2.0,2.0
PHL,"Unemployment, total (% of total labor force) (modeled ILO estimate)",2.0,2.0,2.0,2.0
PHL,"Unemployment, total (% of total labor force) (national estimate)",2.0,2.0,2.0,2.0
PHL,"Unemployment, youth female (% of female labor force ages 15-24) (modeled ILO estimate)",8.0,8.0,8.0,8.0
PHL,"Unemployment, youth female (% of female labor force ages 15-24) (national estimate)",8.0,8.0,8.0,8.0
PHL,"Unemployment, youth male (% of male labor force ages 15-24) (modeled ILO estimate)",6.0,5.0,5.0,6.0
PHL,"Unemployment, youth male (% of male labor force ages 15-24) (national estimate)",6.0,5.0,5.0,6.0
PHL,"Unemployment, youth total (% of total labor force ages 15-24) (modeled ILO estimate)",7.0,6.0,6.0,7.0
PHL,"Unemployment, youth total (% of total labor force ages 15-24) (national estimate)",7.0,6.0,6.0,7.0
PHL,Urban population,49827667.0,50926384.0,52043445.0,53187498.0
PHL,Urban population (% of total population),46.0,46.0,47.0,47.0
PHL,Urban population growth (annual %),2.0,2.0,2.0,2.0
PHL,"Use of IMF credit (DOD, current US$)",1193374642.0,1165434657.0,1158759439.0,1206894565.0
PHL,Voice and Accountability: Estimate,0.0,0.0,0.0,0.0
PHL,Voice and Accountability: Number of Sources,13.0,13.0,12.0,11.0
PHL,Voice and Accountability: Percentile Rank,48.0,47.0,45.0,41.0
PHL,"Voice and Accountability: Percentile Rank, Lower Bound of 90% Confidence Interval",41.0,37.0,39.0,36.0
PHL,"Voice and Accountability: Percentile Rank, Upper Bound of 90% Confidence Interval",55.0,55.0,53.0,52.0
PHL,Voice and Accountability: Standard Error,0.0,0.0,0.0,0.0
PHL,"Vulnerable employment, female (% of female employment) (modeled ILO estimate)",38.0,37.0,37.0,39.0
PHL,"Vulnerable employment, male (% of male employment) (modeled ILO estimate)",31.0,30.0,30.0,32.0
PHL,"Vulnerable employment, total (% of total employment) (modeled ILO estimate)",34.0,32.0,33.0,34.0
PHL,"Wage and salaried workers, female (% of female employment) (modeled ILO estimate)",58.0,60.0,60.0,58.0
PHL,"Wage and salaried workers, male (% of male employment) (modeled ILO estimate)",64.0,65.0,66.0,64.0
PHL,"Wage and salaried workers, total (% of total employment) (modeled ILO estimate)",62.0,63.0,63.0,62.0
PHL,"Water productivity, total (constant 2015 US$ GDP per cubic meter of total freshwater withdrawal)",3.0,4.0,4.0,4.0
PHL,Wholesale price index (2010 = 100),120.0,123.0,125.0,128.0
PHL,Women Business and the Law Index Score (scale 1-100),78.0,78.0,78.0,78.0
PHL,Women's share of population ages 15+ living with HIV (%),6.0,6.0,6.0,6.0
PHL,Young people (ages 15-24) newly infected with HIV,6200.0,7000.0,7800.0,8800.0
